[locus_tag=WB44_00020],[protein_id=AKN59775.1],[gene=None],[protein=hypothetical protein]
[locus_tag=WB44_00045],[protein_id=AKN59780.1],[gene=None],[protein=glycerol-3-phosphate dehydrogenase]
[locus_tag=WB44_00050],[protein_id=AKN59781.1],[gene=None],[protein=glycerol kinase]
[locus_tag=WB44_00055],[protein_id=AKN62017.1],[gene=None],[protein=alpha-amylase]
[locus_tag=WB44_00060],[protein_id=AKN62018.1],[gene=None],[protein=hypothetical protein]
[locus_tag=WB44_00085],[protein_id=AKN59784.1],[gene=None],[protein=hypothetical protein]
[locus_tag=WB44_00090],[protein_id=AKN59785.1],[gene=None],[protein=hypothetical protein]
[locus_tag=WB44_00095],[protein_id=AKN59786.1],[gene=None],[protein=hypothetical protein]
[locus_tag=WB44_00100],[protein_id=AKN59787.1],[gene=None],[protein=hypothetical protein]
[locus_tag=WB44_00105],[protein_id=AKN59788.1],[gene=None],[protein=hypothetical protein]
[locus_tag=WB44_00115],[protein_id=AKN59790.1],[gene=None],[protein=hypothetical protein]
[locus_tag=WB44_00120],[protein_id=AKN59791.1],[gene=None],[protein=acireductone dioxygenase]
[locus_tag=WB44_00130],[protein_id=AKN62020.1],[gene=None],[protein=membrane protein]
[locus_tag=WB44_00155],[protein_id=AKN59795.1],[gene=None],[protein=hypothetical protein]
[locus_tag=WB44_00195],[protein_id=AKN62025.1],[gene=None],[protein=MFS transporter]
[locus_tag=WB44_00225],[protein_id=AKN59805.1],[gene=None],[protein=hypothetical protein]
[locus_tag=WB44_00230],[protein_id=AKN59806.1],[gene=None],[protein=hypothetical protein]
[locus_tag=WB44_00235],[protein_id=AKN59807.1],[gene=None],[protein=hypothetical protein]
[locus_tag=WB44_00240],[protein_id=AKN59808.1],[gene=None],[protein=hypothetical protein]
[locus_tag=WB44_00245],[protein_id=AKN59809.1],[gene=None],[protein=hypothetical protein]
[locus_tag=WB44_00250],[protein_id=AKN59810.1],[gene=None],[protein=hypothetical protein]
[locus_tag=WB44_00255],[protein_id=AKN59811.1],[gene=None],[protein=hypothetical protein]
[locus_tag=WB44_00260],[protein_id=AKN59812.1],[gene=None],[protein=hypothetical protein]
[locus_tag=WB44_00265],[protein_id=AKN59813.1],[gene=None],[protein=hypothetical protein]
[locus_tag=WB44_00270],[protein_id=AKN59814.1],[gene=None],[protein=hypothetical protein]
[locus_tag=WB44_00275],[protein_id=AKN59815.1],[gene=None],[protein=hypothetical protein]
[locus_tag=WB44_00280],[protein_id=AKN59816.1],[gene=None],[protein=hypothetical protein]
[locus_tag=WB44_00285],[protein_id=AKN59817.1],[gene=None],[protein=hypothetical protein]
[locus_tag=WB44_00290],[protein_id=AKN59818.1],[gene=None],[protein=hypothetical protein]
[locus_tag=WB44_00305],[protein_id=AKN59820.1],[gene=None],[protein=amino acid permease]
[locus_tag=WB44_00315],[protein_id=AKN59821.1],[gene=None],[protein=hypothetical protein]
[locus_tag=WB44_00320],[protein_id=AKN59822.1],[gene=None],[protein=hypothetical protein]
[locus_tag=WB44_00325],[protein_id=AKN59823.1],[gene=None],[protein=hypothetical protein]
[locus_tag=WB44_00330],[protein_id=AKN59824.1],[gene=None],[protein=hypothetical protein]
[locus_tag=WB44_00335],[protein_id=AKN59825.1],[gene=None],[protein=hypothetical protein]
[locus_tag=WB44_00340],[protein_id=AKN59826.1],[gene=None],[protein=hypothetical protein]
[locus_tag=WB44_00350],[protein_id=AKN59828.1],[gene=None],[protein=hypothetical protein]
[locus_tag=WB44_00365],[protein_id=AKN59831.1],[gene=None],[protein=hypothetical protein]
[locus_tag=WB44_00370],[protein_id=AKN59832.1],[gene=None],[protein=hypothetical protein]
[locus_tag=WB44_00385],[protein_id=AKN59835.1],[gene=None],[protein=hypothetical protein]
[locus_tag=WB44_00395],[protein_id=AKN59837.1],[gene=None],[protein=hypothetical protein]
[locus_tag=WB44_00400],[protein_id=AKN59838.1],[gene=None],[protein=hypothetical protein]
[locus_tag=WB44_00420],[protein_id=AKN59842.1],[gene=None],[protein=cation transporter]
[locus_tag=WB44_00425],[protein_id=AKN62028.1],[gene=None],[protein=ABC transporter substrate-binding protein]
[locus_tag=WB44_00430],[protein_id=AKN59843.1],[gene=None],[protein=hypothetical protein]
[locus_tag=WB44_00440],[protein_id=AKN59845.1],[gene=None],[protein=hypothetical protein]
[locus_tag=WB44_00445],[protein_id=AKN59846.1],[gene=None],[protein=early protein (E6)]
[locus_tag=WB44_00450],[protein_id=AKN59847.1],[gene=None],[protein=hypothetical protein]
[locus_tag=WB44_00455],[protein_id=AKN59848.1],[gene=None],[protein=hypothetical protein]
[locus_tag=WB44_00460],[protein_id=AKN59849.1],[gene=None],[protein=membrane protein]
[locus_tag=WB44_00465],[protein_id=AKN59850.1],[gene=None],[protein=hypothetical protein]
[locus_tag=WB44_00480],[protein_id=AKN59853.1],[gene=None],[protein=hypothetical protein]
[locus_tag=WB44_00485],[protein_id=AKN59854.1],[gene=None],[protein=ligand-binding protein SH3]
[locus_tag=WB44_00495],[protein_id=AKN59856.1],[gene=None],[protein=hypothetical protein]
[locus_tag=WB44_00500],[protein_id=AKN59857.1],[gene=None],[protein=hypothetical protein]
[locus_tag=WB44_00505],[protein_id=AKN59858.1],[gene=None],[protein=hypothetical protein]
[locus_tag=WB44_00510],[protein_id=AKN59859.1],[gene=None],[protein=hypothetical protein]
[locus_tag=WB44_00520],[protein_id=AKN59860.1],[gene=None],[protein=hypothetical protein]
[locus_tag=WB44_00525],[protein_id=AKN59861.1],[gene=None],[protein=hypothetical protein]
[locus_tag=WB44_00530],[protein_id=AKN59862.1],[gene=None],[protein=hypothetical protein]
[locus_tag=WB44_00535],[protein_id=AKN59863.1],[gene=None],[protein=hypothetical protein]
[locus_tag=WB44_00540],[protein_id=AKN62029.1],[gene=None],[protein=hypothetical protein]
[locus_tag=WB44_00545],[protein_id=AKN59864.1],[gene=None],[protein=pilin]
[locus_tag=WB44_00550],[protein_id=AKN59865.1],[gene=None],[protein=hypothetical protein]
[locus_tag=WB44_00565],[protein_id=AKN62030.1],[gene=None],[protein=hypothetical protein]
[locus_tag=WB44_00570],[protein_id=AKN59868.1],[gene=None],[protein=hypothetical protein]
[locus_tag=WB44_00575],[protein_id=AKN59869.1],[gene=None],[protein=pilus assembly protein]
[locus_tag=WB44_00580],[protein_id=AKN59870.1],[gene=None],[protein=hypothetical protein]
[locus_tag=WB44_00585],[protein_id=AKN59871.1],[gene=None],[protein=hypothetical protein]
[locus_tag=WB44_00590],[protein_id=AKN59872.1],[gene=None],[protein=hypothetical protein]
[locus_tag=WB44_00605],[protein_id=AKN59875.1],[gene=None],[protein=hypothetical protein]
[locus_tag=WB44_00615],[protein_id=AKN62032.1],[gene=None],[protein=hypothetical protein]
[locus_tag=WB44_00630],[protein_id=AKN59877.1],[gene=None],[protein=hypothetical protein]
[locus_tag=WB44_00635],[protein_id=AKN59878.1],[gene=None],[protein=methyltransferase]
[locus_tag=WB44_00665],[protein_id=AKN59884.1],[gene=None],[protein=hypothetical protein]
[locus_tag=WB44_00675],[protein_id=AKN59886.1],[gene=None],[protein=hypothetical protein]
[locus_tag=WB44_00680],[protein_id=AKN62034.1],[gene=None],[protein=hypothetical protein]
[locus_tag=WB44_00685],[protein_id=AKN59887.1],[gene=None],[protein=hypothetical protein]
[locus_tag=WB44_00695],[protein_id=AKN59889.1],[gene=None],[protein=hypothetical protein]
[locus_tag=WB44_00700],[protein_id=AKN59890.1],[gene=None],[protein=hypothetical protein]
[locus_tag=WB44_00705],[protein_id=AKN59891.1],[gene=None],[protein=hypothetical protein]
[locus_tag=WB44_00710],[protein_id=AKN59892.1],[gene=None],[protein=hypothetical protein]
[locus_tag=WB44_00715],[protein_id=AKN59893.1],[gene=None],[protein=hypothetical protein]
[locus_tag=WB44_00725],[protein_id=AKN59894.1],[gene=None],[protein=hypothetical protein]
[locus_tag=WB44_00730],[protein_id=AKN59895.1],[gene=None],[protein=hypothetical protein]
[locus_tag=WB44_00735],[protein_id=AKN59896.1],[gene=None],[protein=hypothetical protein]
[locus_tag=WB44_00745],[protein_id=AKN59898.1],[gene=None],[protein=galactosyl-1-phosphate transferase]
[locus_tag=WB44_00810],[protein_id=AKN62036.1],[gene=None],[protein=L-alanine-DL-glutamate epimerase]
[locus_tag=WB44_00815],[protein_id=AKN59910.1],[gene=None],[protein=hypothetical protein]
[locus_tag=WB44_00825],[protein_id=AKN59911.1],[gene=None],[protein=hypothetical protein]
[locus_tag=WB44_00910],[protein_id=AKN59922.1],[gene=None],[protein=hypothetical protein]
[locus_tag=WB44_00935],[protein_id=AKN59925.1],[gene=None],[protein=hypothetical protein]
[locus_tag=WB44_00940],[protein_id=AKN59926.1],[gene=None],[protein=hypothetical protein]
[locus_tag=WB44_00945],[protein_id=AKN59927.1],[gene=None],[protein=hypothetical protein]
[locus_tag=WB44_00950],[protein_id=AKN59928.1],[gene=None],[protein=hypothetical protein]
[locus_tag=WB44_00955],[protein_id=AKN59929.1],[gene=None],[protein=hypothetical protein]
[locus_tag=WB44_00960],[protein_id=AKN59930.1],[gene=None],[protein=histone deacetylase]
[locus_tag=WB44_00995],[protein_id=AKN59936.1],[gene=None],[protein=major facilitator transporter]
[locus_tag=WB44_01010],[protein_id=AKN62044.1],[gene=None],[protein=alpha-acetolactate decarboxylase]
[locus_tag=WB44_01020],[protein_id=AKN62045.1],[gene=None],[protein=hypothetical protein]
[locus_tag=WB44_01030],[protein_id=AKN59940.1],[gene=None],[protein=hypothetical protein]
[locus_tag=WB44_01035],[protein_id=AKN59941.1],[gene=None],[protein=hypothetical protein]
[locus_tag=WB44_01040],[protein_id=AKN59942.1],[gene=None],[protein=hypothetical protein]
[locus_tag=WB44_01060],[protein_id=AKN59945.1],[gene=None],[protein=hypothetical protein]
[locus_tag=WB44_01095],[protein_id=AKN59950.1],[gene=None],[protein=hypothetical protein]
[locus_tag=WB44_01100],[protein_id=AKN62049.1],[gene=None],[protein=hypothetical protein]
[locus_tag=WB44_01105],[protein_id=AKN59951.1],[gene=None],[protein=hypothetical protein]
[locus_tag=WB44_01110],[protein_id=AKN59952.1],[gene=None],[protein=hypothetical protein]
[locus_tag=WB44_01115],[protein_id=AKN59953.1],[gene=None],[protein=hypothetical protein]
[locus_tag=WB44_01140],[protein_id=AKN59958.1],[gene=None],[protein=hypothetical protein]
[locus_tag=WB44_01150],[protein_id=AKN59960.1],[gene=None],[protein=hypothetical protein]
[locus_tag=WB44_01155],[protein_id=AKN59961.1],[gene=None],[protein=hypothetical protein]
[locus_tag=WB44_01160],[protein_id=AKN59962.1],[gene=None],[protein=hypothetical protein]
[locus_tag=WB44_01165],[protein_id=AKN59963.1],[gene=None],[protein=hypothetical protein]
[locus_tag=WB44_01170],[protein_id=AKN59964.1],[gene=None],[protein=hypothetical protein]
[locus_tag=WB44_01175],[protein_id=AKN59965.1],[gene=None],[protein=hypothetical protein]
[locus_tag=WB44_01180],[protein_id=AKN59966.1],[gene=None],[protein=hypothetical protein]
[locus_tag=WB44_01190],[protein_id=AKN59967.1],[gene=None],[protein=hypothetical protein]
[locus_tag=WB44_01195],[protein_id=AKN59968.1],[gene=None],[protein=hypothetical protein]
[locus_tag=WB44_01200],[protein_id=AKN59969.1],[gene=None],[protein=hypothetical protein]
[locus_tag=WB44_01205],[protein_id=AKN59970.1],[gene=None],[protein=hypothetical protein]
[locus_tag=WB44_01210],[protein_id=AKN59971.1],[gene=None],[protein=hypothetical protein]
[locus_tag=WB44_01215],[protein_id=AKN59972.1],[gene=None],[protein=hypothetical protein]
[locus_tag=WB44_01225],[protein_id=AKN59974.1],[gene=None],[protein=hypothetical protein]
[locus_tag=WB44_01230],[protein_id=AKN59975.1],[gene=None],[protein=hypothetical protein]
[locus_tag=WB44_01235],[protein_id=AKN59976.1],[gene=None],[protein=hypothetical protein]
[locus_tag=WB44_01240],[protein_id=AKN59977.1],[gene=None],[protein=hypothetical protein]
[locus_tag=WB44_01245],[protein_id=AKN59978.1],[gene=None],[protein=hypothetical protein]
[locus_tag=WB44_01250],[protein_id=AKN59979.1],[gene=None],[protein=hypothetical protein]
[locus_tag=WB44_01255],[protein_id=AKN59980.1],[gene=None],[protein=hypothetical protein]
[locus_tag=WB44_01260],[protein_id=AKN59981.1],[gene=None],[protein=hypothetical protein]
[locus_tag=WB44_01265],[protein_id=AKN59982.1],[gene=None],[protein=hypothetical protein]
[locus_tag=WB44_01280],[protein_id=AKN59983.1],[gene=None],[protein=hypothetical protein]
[locus_tag=WB44_01285],[protein_id=AKN59984.1],[gene=None],[protein=hypothetical protein]
[locus_tag=WB44_01290],[protein_id=AKN62050.1],[gene=None],[protein=hypothetical protein]
[locus_tag=WB44_01295],[protein_id=AKN59985.1],[gene=None],[protein=hypothetical protein]
[locus_tag=WB44_01300],[protein_id=AKN59986.1],[gene=None],[protein=hypothetical protein]
[locus_tag=WB44_01305],[protein_id=AKN59987.1],[gene=None],[protein=hypothetical protein]
[locus_tag=WB44_01315],[protein_id=AKN59989.1],[gene=None],[protein=hypothetical protein]
[locus_tag=WB44_01330],[protein_id=AKN59990.1],[gene=None],[protein=hypothetical protein]
[locus_tag=WB44_01335],[protein_id=AKN59991.1],[gene=None],[protein=integrase]
[locus_tag=WB44_01340],[protein_id=AKN59992.1],[gene=None],[protein=hypothetical protein]
[locus_tag=WB44_01345],[protein_id=AKN59993.1],[gene=None],[protein=hypothetical protein]
[locus_tag=WB44_01350],[protein_id=AKN59994.1],[gene=None],[protein=hypothetical protein]
[locus_tag=WB44_01355],[protein_id=AKN59995.1],[gene=None],[protein=hypothetical protein]
[locus_tag=WB44_01360],[protein_id=AKN59996.1],[gene=None],[protein=hypothetical protein]
[locus_tag=WB44_01365],[protein_id=AKN59997.1],[gene=None],[protein=hypothetical protein]
[locus_tag=WB44_01370],[protein_id=AKN59998.1],[gene=None],[protein=hypothetical protein]
[locus_tag=WB44_01375],[protein_id=AKN59999.1],[gene=None],[protein=hypothetical protein]
[locus_tag=WB44_01380],[protein_id=AKN60000.1],[gene=None],[protein=hypothetical protein]
[locus_tag=WB44_01385],[protein_id=AKN60001.1],[gene=None],[protein=hypothetical protein]
[locus_tag=WB44_01390],[protein_id=AKN62051.1],[gene=None],[protein=hypothetical protein]
[locus_tag=WB44_01395],[protein_id=AKN62052.1],[gene=None],[protein=hypothetical protein]
[locus_tag=WB44_01400],[protein_id=AKN60002.1],[gene=None],[protein=hypothetical protein]
[locus_tag=WB44_01405],[protein_id=AKN60003.1],[gene=None],[protein=hypothetical protein]
[locus_tag=WB44_01415],[protein_id=AKN62053.1],[gene=None],[protein=hypothetical protein]
[locus_tag=WB44_01420],[protein_id=AKN60005.1],[gene=None],[protein=neuromedin U]
[locus_tag=WB44_01425],[protein_id=AKN60006.1],[gene=None],[protein=sulfatase-modifying factor 1]
[locus_tag=WB44_01430],[protein_id=AKN62054.1],[gene=None],[protein=hypothetical protein]
[locus_tag=WB44_01435],[protein_id=AKN60007.1],[gene=None],[protein=acid phosphatase]
[locus_tag=WB44_01440],[protein_id=AKN60008.1],[gene=None],[protein=lipid kinase]
[locus_tag=WB44_01445],[protein_id=AKN60009.1],[gene=None],[protein=metallophosphoesterase]
[locus_tag=WB44_01450],[protein_id=AKN62055.1],[gene=None],[protein=arylsulfatase]
[locus_tag=WB44_01455],[protein_id=AKN62056.1],[gene=None],[protein=hypothetical protein]
[locus_tag=WB44_01460],[protein_id=AKN60010.1],[gene=None],[protein=hypothetical protein]
[locus_tag=WB44_01465],[protein_id=AKN60011.1],[gene=None],[protein=hypothetical protein]
[locus_tag=WB44_01470],[protein_id=AKN60012.1],[gene=None],[protein=hypothetical protein]
[locus_tag=WB44_01475],[protein_id=AKN60013.1],[gene=None],[protein=hypothetical protein]
[locus_tag=WB44_01485],[protein_id=AKN60015.1],[gene=None],[protein=MFS transporter]
[locus_tag=WB44_01490],[protein_id=AKN60016.1],[gene=None],[protein=bile acid beta-glucosidase]
[locus_tag=WB44_01495],[protein_id=AKN60017.1],[gene=None],[protein=hypothetical protein]
[locus_tag=WB44_01500],[protein_id=AKN60018.1],[gene=None],"[protein=1,4-beta-glucanase]"
[locus_tag=WB44_01520],[protein_id=AKN60019.1],[gene=None],[protein=potassium channel protein]
[locus_tag=WB44_01525],[protein_id=AKN60020.1],[gene=None],[protein=hypothetical protein]
[locus_tag=WB44_01540],[protein_id=AKN60023.1],[gene=None],[protein=esterase]
[locus_tag=WB44_01545],[protein_id=AKN60024.1],[gene=None],[protein=hypothetical protein]
[locus_tag=WB44_01550],[protein_id=AKN60025.1],[gene=None],[protein=hypothetical protein]
[locus_tag=WB44_01565],[protein_id=AKN60027.1],[gene=None],[protein=hypothetical protein]
[locus_tag=WB44_01570],[protein_id=AKN60028.1],[gene=None],[protein=hypothetical protein]
[locus_tag=WB44_01575],[protein_id=AKN60029.1],[gene=None],[protein=hypothetical protein]
[locus_tag=WB44_01580],[protein_id=AKN60030.1],[gene=None],[protein=hypothetical protein]
[locus_tag=WB44_01585],[protein_id=AKN62059.1],[gene=None],[protein=hypothetical protein]
[locus_tag=WB44_01590],[protein_id=AKN60031.1],[gene=None],[protein=hypothetical protein]
[locus_tag=WB44_01595],[protein_id=AKN60032.1],[gene=None],[protein=hypothetical protein]
[locus_tag=WB44_01600],[protein_id=AKN60033.1],[gene=None],[protein=hypothetical protein]
[locus_tag=WB44_01605],[protein_id=AKN60034.1],[gene=None],[protein=hypothetical protein]
[locus_tag=WB44_01610],[protein_id=AKN60035.1],[gene=None],[protein=hypothetical protein]
[locus_tag=WB44_01615],[protein_id=AKN60036.1],[gene=None],[protein=hypothetical protein]
[locus_tag=WB44_01620],[protein_id=AKN60037.1],[gene=None],[protein=hypothetical protein]
[locus_tag=WB44_01640],[protein_id=AKN60039.1],[gene=None],[protein=lipoprotein]
[locus_tag=WB44_01650],[protein_id=AKN60040.1],[gene=None],[protein=hypothetical protein]
[locus_tag=WB44_01655],[protein_id=AKN60041.1],[gene=None],[protein=hypothetical protein]
[locus_tag=WB44_01660],[protein_id=AKN60042.1],[gene=None],[protein=hypothetical protein]
[locus_tag=WB44_01665],[protein_id=AKN60043.1],[gene=None],[protein=hypothetical protein]
[locus_tag=WB44_01670],[protein_id=AKN60044.1],[gene=None],[protein=hypothetical protein]
[locus_tag=WB44_01680],[protein_id=AKN60045.1],[gene=None],[protein=hypothetical protein]
[locus_tag=WB44_01690],[protein_id=AKN60046.1],[gene=None],[protein=carbamoyl-phosphate synthase]
[locus_tag=WB44_01705],[protein_id=AKN60047.1],[gene=None],[protein=hypothetical protein]
[locus_tag=WB44_01710],[protein_id=AKN60048.1],[gene=None],[protein=hypothetical protein]
[locus_tag=WB44_01715],[protein_id=AKN62060.1],[gene=None],[protein=hypothetical protein]
[locus_tag=WB44_01725],[protein_id=AKN60049.1],[gene=None],[protein=hypothetical protein]
[locus_tag=WB44_01730],[protein_id=AKN60050.1],[gene=None],[protein=hypothetical protein]
[locus_tag=WB44_01735],[protein_id=AKN60051.1],[gene=None],[protein=hypothetical protein]
[locus_tag=WB44_01740],[protein_id=AKN60052.1],[gene=None],[protein=hypothetical protein]
[locus_tag=WB44_01745],[protein_id=AKN60053.1],[gene=None],[protein=hypothetical protein]
[locus_tag=WB44_01750],[protein_id=AKN60054.1],[gene=None],[protein=hypothetical protein]
[locus_tag=WB44_01755],[protein_id=AKN62061.1],[gene=None],[protein=hypothetical protein]
[locus_tag=WB44_01760],[protein_id=AKN60055.1],[gene=None],[protein=hypothetical protein]
[locus_tag=WB44_01765],[protein_id=AKN60056.1],[gene=None],[protein=hypothetical protein]
[locus_tag=WB44_01775],[protein_id=AKN60058.1],[gene=None],[protein=hypothetical protein]
[locus_tag=WB44_01790],[protein_id=AKN60061.1],[gene=None],[protein=hypothetical protein]
[locus_tag=WB44_01795],[protein_id=AKN60062.1],[gene=None],[protein=hypothetical protein]
[locus_tag=WB44_01800],[protein_id=AKN60063.1],[gene=None],[protein=hypothetical protein]
[locus_tag=WB44_01805],[protein_id=AKN60064.1],[gene=None],[protein=hypothetical protein]
[locus_tag=WB44_01815],[protein_id=AKN60065.1],[gene=None],[protein=hypothetical protein]
[locus_tag=WB44_01820],[protein_id=AKN60066.1],[gene=None],[protein=hypothetical protein]
[locus_tag=WB44_01830],[protein_id=AKN60068.1],[gene=None],[protein=hypothetical protein]
[locus_tag=WB44_01835],[protein_id=AKN60069.1],[gene=None],[protein=hypothetical protein]
[locus_tag=WB44_01840],[protein_id=AKN60070.1],[gene=None],[protein=3-hydroxyacid dehydrogenase]
[locus_tag=WB44_01845],[protein_id=AKN62062.1],[gene=None],[protein=hypothetical protein]
[locus_tag=WB44_01850],[protein_id=AKN60071.1],[gene=None],[protein=hypothetical protein]
[locus_tag=WB44_01855],[protein_id=AKN62063.1],[gene=None],[protein=hypothetical protein]
[locus_tag=WB44_01860],[protein_id=AKN60072.1],[gene=None],[protein=hypothetical protein]
[locus_tag=WB44_01865],[protein_id=AKN62064.1],[gene=None],[protein=hypothetical protein]
[locus_tag=WB44_01870],[protein_id=AKN62065.1],[gene=None],[protein=hypothetical protein]
[locus_tag=WB44_01880],[protein_id=AKN60074.1],[gene=None],[protein=hypothetical protein]
[locus_tag=WB44_01890],[protein_id=AKN60076.1],[gene=None],[protein=hypothetical protein]
[locus_tag=WB44_01905],[protein_id=AKN60079.1],[gene=None],[protein=hypothetical protein]
[locus_tag=WB44_01910],[protein_id=AKN62066.1],[gene=None],[protein=MFS transporter]
[locus_tag=WB44_01915],[protein_id=AKN60080.1],[gene=None],[protein=hypothetical protein]
[locus_tag=WB44_01920],[protein_id=AKN60081.1],[gene=None],[protein=hypothetical protein]
[locus_tag=WB44_01925],[protein_id=AKN60082.1],[gene=None],[protein=hypothetical protein]
[locus_tag=WB44_01935],[protein_id=AKN62067.1],[gene=None],[protein=hypothetical protein]
[locus_tag=WB44_01960],[protein_id=AKN62069.1],[gene=None],[protein=hypothetical protein]
[locus_tag=WB44_01970],[protein_id=AKN60088.1],[gene=None],[protein=hypothetical protein]
[locus_tag=WB44_01980],[protein_id=AKN60090.1],[gene=None],[protein=hypothetical protein]
[locus_tag=WB44_01985],[protein_id=AKN60091.1],[gene=None],[protein=hypothetical protein]
[locus_tag=WB44_01990],[protein_id=AKN60092.1],[gene=None],[protein=hypothetical protein]
[locus_tag=WB44_01995],[protein_id=AKN60093.1],[gene=None],[protein=hypothetical protein]
[locus_tag=WB44_02000],[protein_id=AKN60094.1],[gene=None],[protein=hypothetical protein]
[locus_tag=WB44_02010],[protein_id=AKN60096.1],[gene=None],[protein=hypothetical protein]
[locus_tag=WB44_02045],[protein_id=AKN60103.1],[gene=None],"[protein=N2,N2-dimethylguanosine tRNA methyltransferase]"
[locus_tag=WB44_02050],[protein_id=AKN60104.1],[gene=petM],[protein=cytochrome b6-f complex subunit PetM]
[locus_tag=WB44_02075],[protein_id=AKN60106.1],[gene=None],[protein=bacteriocin]
[locus_tag=WB44_02095],[protein_id=AKN60110.1],[gene=None],[protein=DEAD/DEAH box helicase]
[locus_tag=WB44_02135],[protein_id=AKN62075.1],[gene=None],[protein=Na+-dependent transporter of the SNF family protein]
[locus_tag=WB44_02140],[protein_id=AKN60116.1],[gene=None],[protein=histidine kinase]
[locus_tag=WB44_02145],[protein_id=AKN62076.1],[gene=None],[protein=1-deoxy-D-xylulose 5-phosphate reductoisomerase]
[locus_tag=WB44_02175],[protein_id=AKN60122.1],[gene=None],[protein=hypothetical protein]
[locus_tag=WB44_02180],[protein_id=AKN60123.1],[gene=None],[protein=hypothetical protein]
[locus_tag=WB44_02185],[protein_id=AKN62077.1],[gene=None],[protein=hypothetical protein]
[locus_tag=WB44_02225],[protein_id=AKN62080.1],[gene=None],[protein=hypothetical protein]
[locus_tag=WB44_02235],[protein_id=AKN60130.1],[gene=None],[protein=hypothetical protein]
[locus_tag=WB44_02240],[protein_id=AKN60131.1],[gene=None],[protein=hypothetical protein]
[locus_tag=WB44_02245],[protein_id=AKN60132.1],[gene=None],[protein=carbonic anhydrase]
[locus_tag=WB44_02250],[protein_id=AKN60133.1],[gene=None],[protein=hypothetical protein]
[locus_tag=WB44_02260],[protein_id=AKN60134.1],[gene=None],[protein=hypothetical protein]
[locus_tag=WB44_02280],[protein_id=AKN60137.1],[gene=None],[protein=hypothetical protein]
[locus_tag=WB44_02285],[protein_id=AKN60138.1],[gene=None],[protein=hypothetical protein]
[locus_tag=WB44_02290],[protein_id=AKN60139.1],[gene=None],[protein=hypothetical protein]
[locus_tag=WB44_02305],[protein_id=AKN60142.1],[gene=None],[protein=hypothetical protein]
[locus_tag=WB44_02310],[protein_id=AKN60143.1],[gene=None],[protein=beta-lactamase]
[locus_tag=WB44_02345],[protein_id=AKN60149.1],[gene=None],[protein=hypothetical protein]
[locus_tag=WB44_02370],[protein_id=AKN60153.1],[gene=None],[protein=sugar ABC transporter permease]
[locus_tag=WB44_02375],[protein_id=AKN62085.1],[gene=None],[protein=hypothetical protein]
[locus_tag=WB44_02380],[protein_id=AKN60154.1],[gene=None],[protein=bacteriocin]
[locus_tag=WB44_02390],[protein_id=AKN60156.1],[gene=None],[protein=hypothetical protein]
[locus_tag=WB44_02395],[protein_id=AKN60157.1],[gene=None],[protein=hypothetical protein]
[locus_tag=WB44_02400],[protein_id=AKN62086.1],[gene=None],[protein=hypothetical protein]
[locus_tag=WB44_02405],[protein_id=AKN60158.1],[gene=None],[protein=hypothetical protein]
[locus_tag=WB44_02410],[protein_id=AKN62087.1],[gene=None],[protein=hypothetical protein]
[locus_tag=WB44_02415],[protein_id=AKN60159.1],[gene=None],[protein=hypothetical protein]
[locus_tag=WB44_02450],[protein_id=AKN60165.1],[gene=None],[protein=damage-inducible protein]
[locus_tag=WB44_02455],[protein_id=AKN60166.1],[gene=None],[protein=cytochrome C biosynthesis protein]
[locus_tag=WB44_02465],[protein_id=AKN60168.1],[gene=None],[protein=acylphosphatase]
[locus_tag=WB44_02520],[protein_id=AKN62091.1],[gene=None],[protein=hypothetical protein]
[locus_tag=WB44_02530],[protein_id=AKN60177.1],[gene=None],[protein=hypothetical protein]
[locus_tag=WB44_02535],[protein_id=AKN60178.1],[gene=None],[protein=hypothetical protein]
[locus_tag=WB44_02540],[protein_id=AKN60179.1],[gene=None],[protein=LytR family transcriptional regulator]
[locus_tag=WB44_02570],[protein_id=AKN60183.1],[gene=None],[protein=hypothetical protein]
[locus_tag=WB44_02590],[protein_id=AKN60186.1],[gene=None],[protein=hypothetical protein]
[locus_tag=WB44_02635],[protein_id=AKN62095.1],[gene=None],[protein=hypothetical protein]
[locus_tag=WB44_02670],[protein_id=AKN60201.1],[gene=None],[protein=secretion protein HlyD]
[locus_tag=WB44_02680],[protein_id=AKN60203.1],[gene=None],[protein=hypothetical protein]
[locus_tag=WB44_02685],[protein_id=AKN60204.1],[gene=None],[protein=hypothetical protein]
[locus_tag=WB44_02690],[protein_id=AKN60205.1],[gene=None],[protein=transcriptional regulator]
[locus_tag=WB44_02710],[protein_id=AKN60209.1],[gene=None],[protein=hypothetical protein]
[locus_tag=WB44_02740],[protein_id=AKN60215.1],[gene=None],[protein=serine/threonine protein phosphatase]
[locus_tag=WB44_02745],[protein_id=AKN60216.1],[gene=None],[protein=hypothetical protein]
[locus_tag=WB44_02755],[protein_id=AKN60218.1],[gene=None],[protein=transporter]
[locus_tag=WB44_02760],[protein_id=AKN60219.1],[gene=None],[protein=hypothetical protein]
[locus_tag=WB44_02765],[protein_id=AKN60220.1],[gene=None],[protein=hypothetical protein]
[locus_tag=WB44_02770],[protein_id=AKN60221.1],[gene=None],[protein=hypothetical protein]
[locus_tag=WB44_02775],[protein_id=AKN60222.1],[gene=None],[protein=hypothetical protein]
[locus_tag=WB44_02780],[protein_id=AKN60223.1],[gene=None],[protein=hypothetical protein]
[locus_tag=WB44_02785],[protein_id=AKN60224.1],[gene=None],[protein=hypothetical protein]
[locus_tag=WB44_02790],[protein_id=AKN60225.1],[gene=None],[protein=hypothetical protein]
[locus_tag=WB44_02795],[protein_id=AKN60226.1],[gene=None],[protein=hypothetical protein]
[locus_tag=WB44_02800],[protein_id=AKN60227.1],[gene=None],[protein=hypothetical protein]
[locus_tag=WB44_02805],[protein_id=AKN60228.1],[gene=None],[protein=dimethylallyltransferase]
[locus_tag=WB44_02815],[protein_id=AKN60229.1],[gene=None],[protein=hypothetical protein]
[locus_tag=WB44_02825],[protein_id=AKN60231.1],[gene=None],[protein=hypothetical protein]
[locus_tag=WB44_02830],[protein_id=AKN60232.1],[gene=None],[protein=hypothetical protein]
[locus_tag=WB44_02835],[protein_id=AKN62096.1],[gene=None],[protein=isochorismatase]
[locus_tag=WB44_02850],[protein_id=AKN60234.1],[gene=None],[protein=hypothetical protein]
[locus_tag=WB44_02855],[protein_id=AKN62097.1],[gene=None],[protein=hypothetical protein]
[locus_tag=WB44_02860],[protein_id=AKN60235.1],[gene=None],[protein=hypothetical protein]
[locus_tag=WB44_02870],[protein_id=AKN60236.1],[gene=None],[protein=hypothetical protein]
[locus_tag=WB44_02875],[protein_id=AKN60237.1],[gene=None],[protein=esterase]
[locus_tag=WB44_02880],[protein_id=AKN60238.1],[gene=None],[protein=acyltransferase]
[locus_tag=WB44_02885],[protein_id=AKN60239.1],[gene=None],[protein=hypothetical protein]
[locus_tag=WB44_02895],[protein_id=AKN60240.1],[gene=None],[protein=diguanylate cyclase]
[locus_tag=WB44_02920],[protein_id=AKN60244.1],[gene=None],[protein=photosystem II protein]
[locus_tag=WB44_02930],[protein_id=AKN60246.1],[gene=None],[protein=cytochrome C551]
[locus_tag=WB44_02940],[protein_id=AKN60248.1],[gene=None],[protein=hypothetical protein]
[locus_tag=WB44_02945],[protein_id=AKN60249.1],[gene=None],[protein=hypothetical protein]
[locus_tag=WB44_02955],[protein_id=AKN60251.1],[gene=None],[protein=hypothetical protein]
[locus_tag=WB44_02995],[protein_id=AKN60257.1],[gene=None],[protein=hypothetical protein]
[locus_tag=WB44_03010],[protein_id=AKN60259.1],[gene=None],[protein=hypothetical protein]
[locus_tag=WB44_03015],[protein_id=AKN60260.1],[gene=None],[protein=glutathione S-transferase]
[locus_tag=WB44_03025],[protein_id=AKN62102.1],[gene=None],[protein=hypothetical protein]
[locus_tag=WB44_03030],[protein_id=AKN62103.1],[gene=None],[protein=hypothetical protein]
[locus_tag=WB44_03065],[protein_id=AKN60266.1],[gene=None],[protein=glutathione S-transferase]
[locus_tag=WB44_03070],[protein_id=AKN60267.1],[gene=None],[protein=hypothetical protein]
[locus_tag=WB44_03075],[protein_id=AKN60268.1],[gene=None],[protein=hypothetical protein]
[locus_tag=WB44_03085],[protein_id=AKN60270.1],[gene=None],[protein=recombinase RecF]
[locus_tag=WB44_03090],[protein_id=AKN62106.1],[gene=None],[protein=serine/threonine protein phosphatase]
[locus_tag=WB44_03095],[protein_id=AKN60271.1],[gene=None],[protein=aminoglycoside phosphotransferase]
[locus_tag=WB44_03100],[protein_id=AKN60272.1],[gene=None],[protein=hypothetical protein]
[locus_tag=WB44_03105],[protein_id=AKN62107.1],[gene=None],[protein=lytic transglycosylase]
[locus_tag=WB44_03125],[protein_id=AKN60276.1],[gene=None],[protein=hypothetical protein]
[locus_tag=WB44_03130],[protein_id=AKN60277.1],[gene=None],[protein=DNA repair protein]
[locus_tag=WB44_03140],[protein_id=AKN62108.1],[gene=None],[protein=hypothetical protein]
[locus_tag=WB44_03150],[protein_id=AKN60280.1],[gene=None],[protein=amino acid ABC transporter permease]
[locus_tag=WB44_03155],[protein_id=AKN60281.1],[gene=None],[protein=hypothetical protein]
[locus_tag=WB44_03160],[protein_id=AKN60282.1],[gene=None],[protein=amino acid ABC transporter permease]
[locus_tag=WB44_03165],[protein_id=AKN60283.1],[gene=None],[protein=amino acid ABC transporter substrate-binding protein]
[locus_tag=WB44_03170],[protein_id=AKN60284.1],[gene=None],[protein=hypothetical protein]
[locus_tag=WB44_03180],[protein_id=AKN60286.1],[gene=None],[protein=hypothetical protein]
[locus_tag=WB44_03185],[protein_id=AKN62109.1],[gene=None],[protein=hypothetical protein]
[locus_tag=WB44_03190],[protein_id=AKN60287.1],[gene=None],[protein=hypothetical protein]
[locus_tag=WB44_03205],[protein_id=AKN60289.1],[gene=None],[protein=hypothetical protein]
[locus_tag=WB44_03255],[protein_id=AKN60297.1],[gene=None],[protein=sodium:alanine symporter]
[locus_tag=WB44_03290],[protein_id=AKN60304.1],[gene=None],[protein=hypothetical protein]
[locus_tag=WB44_03295],[protein_id=AKN60305.1],[gene=None],[protein=hypothetical protein]
[locus_tag=WB44_03305],[protein_id=AKN60307.1],[gene=None],[protein=secretion protein HylD]
[locus_tag=WB44_03310],[protein_id=AKN60308.1],[gene=None],[protein=hypothetical protein]
[locus_tag=WB44_03315],[protein_id=AKN60309.1],[gene=None],[protein=hypothetical protein]
[locus_tag=WB44_03375],[protein_id=AKN60320.1],[gene=None],[protein=hypothetical protein]
[locus_tag=WB44_03380],[protein_id=AKN60321.1],[gene=None],[protein=hypothetical protein]
[locus_tag=WB44_03385],[protein_id=AKN60322.1],[gene=None],[protein=hypothetical protein]
[locus_tag=WB44_03395],[protein_id=AKN60323.1],[gene=None],[protein=ATPase]
[locus_tag=WB44_03400],[protein_id=AKN62114.1],[gene=None],[protein=polyphosphate kinase]
[locus_tag=WB44_03405],[protein_id=AKN60324.1],[gene=None],[protein=membrane protein]
[locus_tag=WB44_03410],[protein_id=AKN60325.1],[gene=None],[protein=hypothetical protein]
[locus_tag=WB44_03415],[protein_id=AKN60326.1],[gene=None],[protein=membrane protein]
[locus_tag=WB44_03425],[protein_id=AKN60328.1],[gene=None],[protein=nuclease]
[locus_tag=WB44_03440],[protein_id=AKN60331.1],[gene=None],[protein=hypothetical protein]
[locus_tag=WB44_03445],[protein_id=AKN60332.1],[gene=None],[protein=hypothetical protein]
[locus_tag=WB44_03450],[protein_id=AKN60333.1],[gene=None],[protein=hypothetical protein]
[locus_tag=WB44_03455],[protein_id=AKN60334.1],[gene=None],[protein=hypothetical protein]
[locus_tag=WB44_03465],[protein_id=AKN60335.1],[gene=None],[protein=hypothetical protein]
[locus_tag=WB44_03470],[protein_id=AKN60336.1],[gene=None],[protein=hypothetical protein]
[locus_tag=WB44_03480],[protein_id=AKN60338.1],[gene=None],[protein=hypothetical protein]
[locus_tag=WB44_03485],[protein_id=AKN60339.1],[gene=None],[protein=hypothetical protein]
[locus_tag=WB44_03490],[protein_id=AKN60340.1],[gene=None],[protein=hypothetical protein]
[locus_tag=WB44_03505],[protein_id=AKN60342.1],[gene=None],[protein=hypothetical protein]
[locus_tag=WB44_03520],[protein_id=AKN60344.1],[gene=None],[protein=hypothetical protein]
[locus_tag=WB44_03555],[protein_id=AKN62117.1],[gene=None],[protein=hypothetical protein]
[locus_tag=WB44_03590],[protein_id=AKN60356.1],[gene=None],[protein=peptidase U32]
[locus_tag=WB44_03605],[protein_id=AKN60359.1],[gene=None],[protein=hypothetical protein]
[locus_tag=WB44_03625],[protein_id=AKN60363.1],[gene=None],[protein=hypothetical protein]
[locus_tag=WB44_03635],[protein_id=AKN60364.1],[gene=None],[protein=hypothetical protein]
[locus_tag=WB44_03640],[protein_id=AKN62120.1],[gene=None],[protein=hypothetical protein]
[locus_tag=WB44_03650],[protein_id=AKN60366.1],[gene=None],[protein=hypothetical protein]
[locus_tag=WB44_03660],[protein_id=AKN60368.1],[gene=None],[protein=hypothetical protein]
[locus_tag=WB44_03665],[protein_id=AKN60369.1],[gene=None],[protein=hypothetical protein]
[locus_tag=WB44_03670],[protein_id=AKN62121.1],[gene=None],[protein=DNA polymerase]
[locus_tag=WB44_03710],[protein_id=AKN62124.1],[gene=None],[protein=amino acid decarboxylase]
[locus_tag=WB44_03735],[protein_id=AKN62126.1],[gene=None],[protein=photosystem II protein]
[locus_tag=WB44_03745],[protein_id=AKN60379.1],[gene=None],[protein=single-stranded DNA-binding protein]
[locus_tag=WB44_03775],[protein_id=AKN60383.1],[gene=None],[protein=hypothetical protein]
[locus_tag=WB44_03780],[protein_id=AKN60384.1],[gene=None],[protein=hypothetical protein]
[locus_tag=WB44_03790],[protein_id=AKN60386.1],[gene=None],[protein=hypothetical protein]
[locus_tag=WB44_03800],[protein_id=AKN60387.1],[gene=None],[protein=peptigoglycan-binding protein LysM]
[locus_tag=WB44_03815],[protein_id=AKN60389.1],[gene=None],[protein=proton extrusion protein PcxA]
[locus_tag=WB44_03820],[protein_id=AKN62130.1],[gene=None],[protein=methanol dehydrogenase]
[locus_tag=WB44_03825],[protein_id=AKN60390.1],[gene=None],[protein=hypothetical protein]
[locus_tag=WB44_03835],[protein_id=AKN62132.1],[gene=None],[protein=hypothetical protein]
[locus_tag=WB44_03845],[protein_id=AKN60392.1],[gene=None],[protein=Mo-dependent nitrogenase]
[locus_tag=WB44_03850],[protein_id=AKN60393.1],[gene=None],[protein=glucose-inhibited division protein A]
[locus_tag=WB44_03875],[protein_id=AKN60397.1],[gene=None],[protein=RNA methyltransferase]
[locus_tag=WB44_03885],[protein_id=AKN60399.1],[gene=None],[protein=hypothetical protein]
[locus_tag=WB44_03895],[protein_id=AKN60401.1],[gene=None],[protein=hypothetical protein]
[locus_tag=WB44_03955],[protein_id=AKN62137.1],[gene=None],[protein=hypothetical protein]
[locus_tag=WB44_03975],[protein_id=AKN62138.1],[gene=None],[protein=hypothetical protein]
[locus_tag=WB44_03990],[protein_id=AKN60415.1],[gene=None],[protein=hypothetical protein]
[locus_tag=WB44_04000],[protein_id=AKN60417.1],[gene=None],[protein=hypothetical protein]
[locus_tag=WB44_04020],[protein_id=AKN60419.1],[gene=None],[protein=hypothetical protein]
[locus_tag=WB44_04025],[protein_id=AKN60420.1],[gene=None],[protein=hypothetical protein]
[locus_tag=WB44_04030],[protein_id=AKN60421.1],[gene=None],[protein=hypothetical protein]
[locus_tag=WB44_04035],[protein_id=AKN60422.1],[gene=None],[protein=integrase]
[locus_tag=WB44_04040],[protein_id=AKN60423.1],[gene=None],[protein=hypothetical protein]
[locus_tag=WB44_04055],[protein_id=AKN62142.1],[gene=None],[protein=helicase DnaB]
[locus_tag=WB44_04060],[protein_id=AKN62143.1],[gene=None],[protein=N-acetylmuramoyl-L-alanine amidase]
[locus_tag=WB44_04065],[protein_id=AKN60425.1],[gene=None],[protein=signal protein PDZ]
[locus_tag=WB44_04070],[protein_id=AKN60426.1],[gene=None],[protein=hypothetical protein]
[locus_tag=WB44_04100],[protein_id=AKN60430.1],[gene=murQ],[protein=N-acetylmuramic acid-6-phosphate etherase]
[locus_tag=WB44_04170],[protein_id=AKN60442.1],[gene=None],[protein=glucosylglycerol-phosphate synthase]
[locus_tag=WB44_04175],[protein_id=AKN60443.1],[gene=None],[protein=sugar ABC transporter substrate-binding protein]
[locus_tag=WB44_04180],[protein_id=AKN60444.1],[gene=None],[protein=sugar ABC transporter permease]
[locus_tag=WB44_04185],[protein_id=AKN60445.1],[gene=None],[protein=sugar ABC transporter]
[locus_tag=WB44_04195],[protein_id=AKN60447.1],[gene=None],[protein=polysaccharide pyruvyl transferase CsaB]
[locus_tag=WB44_04265],[protein_id=AKN60459.1],[gene=None],[protein=hypothetical protein]
[locus_tag=WB44_04280],[protein_id=AKN60462.1],[gene=None],[protein=PucC protein]
[locus_tag=WB44_04285],[protein_id=AKN60463.1],[gene=None],[protein=hypothetical protein]
[locus_tag=WB44_04300],[protein_id=AKN60465.1],[gene=None],[protein=lactose ABC transporter permease]
[locus_tag=WB44_04320],[protein_id=AKN60468.1],[gene=None],[protein=endolysin]
[locus_tag=WB44_04325],[protein_id=AKN60469.1],[gene=None],[protein=hypothetical protein]
[locus_tag=WB44_04355],[protein_id=AKN60474.1],[gene=None],[protein=hypothetical protein]
[locus_tag=WB44_04365],[protein_id=AKN60476.1],[gene=None],[protein=hypothetical protein]
[locus_tag=WB44_04370],[protein_id=AKN60477.1],[gene=None],[protein=flotillin]
[locus_tag=WB44_04375],[protein_id=AKN60478.1],[gene=None],[protein=band 7 protein]
[locus_tag=WB44_04380],[protein_id=AKN60479.1],[gene=None],[protein=nodulation protein NodD]
[locus_tag=WB44_04385],[protein_id=AKN60480.1],[gene=None],[protein=hypothetical protein]
[locus_tag=WB44_04395],[protein_id=AKN60482.1],[gene=None],[protein=16S rRNA methyltransferase]
[locus_tag=WB44_04400],[protein_id=AKN60483.1],[gene=None],[protein=hypothetical protein]
[locus_tag=WB44_04415],[protein_id=AKN62153.1],[gene=None],[protein=nucleotide-binding protein]
[locus_tag=WB44_04420],[protein_id=AKN60485.1],[gene=None],[protein=NAD-binding protein]
[locus_tag=WB44_04425],[protein_id=AKN60486.1],[gene=None],[protein=chalcone synthase]
[locus_tag=WB44_04440],[protein_id=AKN60487.1],[gene=None],[protein=hypothetical protein]
[locus_tag=WB44_04445],[protein_id=AKN60488.1],[gene=None],[protein=hypothetical protein]
[locus_tag=WB44_04450],[protein_id=AKN60489.1],[gene=None],[protein=hypothetical protein]
[locus_tag=WB44_04460],[protein_id=AKN60491.1],[gene=None],[protein=ATPase AAA]
[locus_tag=WB44_04465],[protein_id=AKN60492.1],[gene=None],[protein=phosphoesterase]
[locus_tag=WB44_04470],[protein_id=AKN60493.1],[gene=None],[protein=phosphoesterase]
[locus_tag=WB44_04475],[protein_id=AKN60494.1],[gene=None],[protein=ATPase]
[locus_tag=WB44_04480],[protein_id=AKN60495.1],[gene=None],[protein=mechanosensitive ion channel family protein]
[locus_tag=WB44_04490],[protein_id=AKN60497.1],[gene=None],[protein=hypothetical protein]
[locus_tag=WB44_04495],[protein_id=AKN62155.1],[gene=None],[protein=hypothetical protein]
[locus_tag=WB44_04500],[protein_id=AKN60498.1],[gene=None],[protein=hypothetical protein]
[locus_tag=WB44_04505],[protein_id=AKN60499.1],[gene=None],[protein=multicopper oxidase]
[locus_tag=WB44_04510],[protein_id=AKN60500.1],[gene=None],[protein=hypothetical protein]
[locus_tag=WB44_04520],[protein_id=AKN60502.1],[gene=None],[protein=hypothetical protein]
[locus_tag=WB44_04540],[protein_id=AKN60504.1],[gene=None],[protein=hypothetical protein]
[locus_tag=WB44_04565],[protein_id=AKN60508.1],[gene=None],[protein=hypothetical protein]
[locus_tag=WB44_04570],[protein_id=AKN60509.1],[gene=None],[protein=hypothetical protein]
[locus_tag=WB44_04575],[protein_id=AKN60510.1],[gene=None],[protein=thiol oxidoreductase]
[locus_tag=WB44_04580],[protein_id=AKN60511.1],[gene=None],[protein=hypothetical protein]
[locus_tag=WB44_04600],[protein_id=AKN62158.1],[gene=None],[protein=hypothetical protein]
[locus_tag=WB44_04610],[protein_id=AKN60515.1],[gene=None],[protein=cytochrome P450]
[locus_tag=WB44_04620],[protein_id=AKN62159.1],[gene=None],[protein=oxidoreductase]
[locus_tag=WB44_04625],[protein_id=AKN60516.1],[gene=None],[protein=FAD-dependent oxidoreductase]
[locus_tag=WB44_04640],[protein_id=AKN60519.1],[gene=None],[protein=hypothetical protein]
[locus_tag=WB44_04645],[protein_id=AKN60520.1],[gene=None],[protein=hypothetical protein]
[locus_tag=WB44_04650],[protein_id=AKN60521.1],[gene=None],[protein=hypothetical protein]
[locus_tag=WB44_04655],[protein_id=AKN60522.1],[gene=None],[protein=hypothetical protein]
[locus_tag=WB44_04665],[protein_id=AKN60523.1],[gene=None],[protein=hypothetical protein]
[locus_tag=WB44_04670],[protein_id=AKN62160.1],[gene=None],[protein=hypothetical protein]
[locus_tag=WB44_04675],[protein_id=AKN60524.1],[gene=None],[protein=cation transporter]
[locus_tag=WB44_04680],[protein_id=AKN60525.1],[gene=None],[protein=transcriptional regulator]
[locus_tag=WB44_04685],[protein_id=AKN60526.1],[gene=None],[protein=hypothetical protein]
[locus_tag=WB44_04690],[protein_id=AKN60527.1],[gene=None],[protein=hypothetical protein]
[locus_tag=WB44_04695],[protein_id=AKN60528.1],[gene=None],[protein=hypothetical protein]
[locus_tag=WB44_04700],[protein_id=AKN60529.1],[gene=None],[protein=dimethyladenosine transferase]
[locus_tag=WB44_04705],[protein_id=AKN60530.1],[gene=None],[protein=hypothetical protein]
[locus_tag=WB44_04710],[protein_id=AKN62161.1],[gene=None],[protein=hypothetical protein]
[locus_tag=WB44_04715],[protein_id=AKN60531.1],[gene=None],[protein=hypothetical protein]
[locus_tag=WB44_04720],[protein_id=AKN62162.1],[gene=None],[protein=hypothetical protein]
[locus_tag=WB44_04750],[protein_id=AKN62165.1],[gene=None],[protein=hypothetical protein]
[locus_tag=WB44_04760],[protein_id=AKN60536.1],[gene=None],[protein=hypothetical protein]
[locus_tag=WB44_04780],[protein_id=AKN60539.1],[gene=None],[protein=hypothetical protein]
[locus_tag=WB44_04785],[protein_id=AKN62167.1],[gene=None],[protein=hypothetical protein]
[locus_tag=WB44_04800],[protein_id=AKN60542.1],[gene=None],[protein=hypothetical protein]
[locus_tag=WB44_04825],[protein_id=AKN60545.1],[gene=None],[protein=peptidase M20]
[locus_tag=WB44_04830],[protein_id=AKN60546.1],[gene=None],[protein=nuclease PIN]
[locus_tag=WB44_04840],[protein_id=AKN60547.1],[gene=None],[protein=hypothetical protein]
[locus_tag=WB44_04880],[protein_id=AKN60554.1],[gene=None],[protein=hypothetical protein]
[locus_tag=WB44_04900],[protein_id=AKN62172.1],[gene=None],[protein=hypothetical protein]
[locus_tag=WB44_04990],[protein_id=AKN60573.1],[gene=None],[protein=urea transporter]
[locus_tag=WB44_04995],[protein_id=AKN60574.1],[gene=None],[protein=hypothetical protein]
[locus_tag=WB44_05000],[protein_id=AKN60575.1],[gene=None],[protein=hypothetical protein]
[locus_tag=WB44_05005],[protein_id=AKN60576.1],[gene=None],[protein=hypothetical protein]
[locus_tag=WB44_05010],[protein_id=AKN60577.1],[gene=None],[protein=hypothetical protein]
[locus_tag=WB44_05025],[protein_id=AKN62176.1],[gene=None],[protein=hypothetical protein]
[locus_tag=WB44_05070],[protein_id=AKN62177.1],[gene=None],[protein=hypothetical protein]
[locus_tag=WB44_05105],[protein_id=AKN62179.1],[gene=None],[protein=uridine kinase]
[locus_tag=WB44_05110],[protein_id=AKN60592.1],[gene=None],[protein=hypothetical protein]
[locus_tag=WB44_05115],[protein_id=AKN60593.1],[gene=None],[protein=hypothetical protein]
[locus_tag=WB44_05125],[protein_id=AKN60595.1],[gene=None],[protein=hypothetical protein]
[locus_tag=WB44_05135],[protein_id=AKN62180.1],[gene=None],[protein=arylesterase]
[locus_tag=WB44_05165],[protein_id=AKN62184.1],[gene=None],[protein=hypothetical protein]
[locus_tag=WB44_05170],[protein_id=AKN60599.1],[gene=None],[protein=hypothetical protein]
[locus_tag=WB44_05175],[protein_id=AKN60600.1],[gene=None],[protein=hypothetical protein]
[locus_tag=WB44_05180],[protein_id=AKN60601.1],[gene=None],[protein=hypothetical protein]
[locus_tag=WB44_05195],[protein_id=AKN60603.1],[gene=None],[protein=hypothetical protein]
[locus_tag=WB44_05200],[protein_id=AKN60604.1],[gene=None],[protein=hypothetical protein]
[locus_tag=WB44_05205],[protein_id=AKN60605.1],[gene=None],[protein=hypothetical protein]
[locus_tag=WB44_05210],[protein_id=AKN60606.1],[gene=None],[protein=hypothetical protein]
[locus_tag=WB44_05215],[protein_id=AKN60607.1],[gene=None],[protein=hypothetical protein]
[locus_tag=WB44_05220],[protein_id=AKN60608.1],[gene=None],[protein=hypothetical protein]
[locus_tag=WB44_05225],[protein_id=AKN60609.1],[gene=None],[protein=hypothetical protein]
[locus_tag=WB44_05290],[protein_id=AKN60621.1],[gene=None],[protein=membrane protein]
[locus_tag=WB44_05300],[protein_id=AKN60623.1],[gene=None],[protein=hypothetical protein]
[locus_tag=WB44_05310],[protein_id=AKN62187.1],[gene=None],[protein=hypothetical protein]
[locus_tag=WB44_05315],[protein_id=AKN60624.1],[gene=None],[protein=hypothetical protein]
[locus_tag=WB44_05320],[protein_id=AKN60625.1],[gene=None],[protein=hypothetical protein]
[locus_tag=WB44_05325],[protein_id=AKN60626.1],[gene=None],[protein=cupin]
[locus_tag=WB44_05340],[protein_id=AKN60629.1],[gene=None],[protein=hypothetical protein]
[locus_tag=WB44_05345],[protein_id=AKN60630.1],[gene=None],[protein=hypothetical protein]
[locus_tag=WB44_05350],[protein_id=AKN60631.1],[gene=None],[protein=hypothetical protein]
[locus_tag=WB44_05385],[protein_id=AKN60637.1],[gene=None],[protein=translation initiation factor 2]
[locus_tag=WB44_05425],[protein_id=AKN62190.1],[gene=None],[protein=lactoylglutathione lyase]
[locus_tag=WB44_05445],[protein_id=AKN60646.1],[gene=None],[protein=hypothetical protein]
[locus_tag=WB44_05450],[protein_id=AKN60647.1],[gene=None],[protein=hypothetical protein]
[locus_tag=WB44_05460],[protein_id=AKN62193.1],[gene=None],[protein=hypothetical protein]
[locus_tag=WB44_05465],[protein_id=AKN60648.1],[gene=None],[protein=hypothetical protein]
[locus_tag=WB44_05540],[protein_id=AKN60657.1],[gene=None],[protein=hypothetical protein]
[locus_tag=WB44_05550],[protein_id=AKN62200.1],[gene=None],[protein=hypothetical protein]
[locus_tag=WB44_05575],[protein_id=AKN60662.1],[gene=None],[protein=fructose-bisphosphate aldolase]
[locus_tag=WB44_05595],[protein_id=AKN60666.1],[gene=None],[protein=peptidase]
[locus_tag=WB44_05600],[protein_id=AKN60667.1],[gene=None],[protein=hypothetical protein]
[locus_tag=WB44_05680],[protein_id=AKN60676.1],[gene=None],[protein=phosphoribulokinase]
[locus_tag=WB44_05685],[protein_id=AKN60677.1],[gene=None],[protein=hypothetical protein]
[locus_tag=WB44_05690],[protein_id=AKN62209.1],[gene=None],[protein=ATP synthase]
[locus_tag=WB44_05695],[protein_id=AKN62210.1],[gene=None],[protein=hypothetical protein]
[locus_tag=WB44_05700],[protein_id=AKN62211.1],[gene=None],[protein=hypothetical protein]
[locus_tag=WB44_05710],[protein_id=AKN60678.1],[gene=None],[protein=ABC transporter substrate-binding protein]
[locus_tag=WB44_05715],[protein_id=AKN60679.1],[gene=None],[protein=CopG family transcriptional regulator]
[locus_tag=WB44_05735],[protein_id=AKN60682.1],[gene=None],[protein=hypothetical protein]
[locus_tag=WB44_05740],[protein_id=AKN60683.1],[gene=None],[protein=hypothetical protein]
[locus_tag=WB44_05745],[protein_id=AKN60684.1],[gene=None],[protein=cytochrome C]
[locus_tag=WB44_05750],[protein_id=AKN60685.1],[gene=None],[protein=hypothetical protein]
[locus_tag=WB44_05755],[protein_id=AKN60686.1],[gene=None],[protein=hypothetical protein]
[locus_tag=WB44_05760],[protein_id=AKN60687.1],[gene=None],[protein=tRNA synthetase]
[locus_tag=WB44_05765],[protein_id=AKN62214.1],[gene=None],[protein=hypothetical protein]
[locus_tag=WB44_05785],[protein_id=AKN62216.1],[gene=None],[protein=hypothetical protein]
[locus_tag=WB44_05790],[protein_id=AKN60690.1],[gene=None],[protein=hypothetical protein]
[locus_tag=WB44_05795],[protein_id=AKN60691.1],[gene=None],[protein=permease]
[locus_tag=WB44_05800],[protein_id=AKN60692.1],[gene=None],[protein=cytochrome C biogenesis protein CcsB]
[locus_tag=WB44_05810],[protein_id=AKN60694.1],[gene=None],[protein=hypothetical protein]
[locus_tag=WB44_05830],[protein_id=AKN60697.1],[gene=None],[protein=hypothetical protein]
[locus_tag=WB44_05835],[protein_id=AKN60698.1],[gene=None],[protein=hypothetical protein]
[locus_tag=WB44_05840],[protein_id=AKN60699.1],[gene=None],[protein=hypothetical protein]
[locus_tag=WB44_05845],[protein_id=AKN60700.1],[gene=None],[protein=hypothetical protein]
[locus_tag=WB44_05850],[protein_id=AKN62218.1],[gene=None],[protein=hypothetical protein]
[locus_tag=WB44_05860],[protein_id=AKN60702.1],[gene=None],[protein=hypothetical protein]
[locus_tag=WB44_05865],[protein_id=AKN60703.1],[gene=None],[protein=hypothetical protein]
[locus_tag=WB44_05875],[protein_id=AKN60704.1],[gene=None],[protein=superoxide dismutase]
[locus_tag=WB44_05880],[protein_id=AKN62220.1],[gene=None],[protein=hypothetical protein]
[locus_tag=WB44_05885],[protein_id=AKN60705.1],[gene=None],[protein=hypothetical protein]
[locus_tag=WB44_05900],[protein_id=AKN60707.1],[gene=None],[protein=membrane protein]
[locus_tag=WB44_05905],[protein_id=AKN60708.1],[gene=None],[protein=hypothetical protein]
[locus_tag=WB44_05910],[protein_id=AKN60709.1],[gene=None],[protein=hypothetical protein]
[locus_tag=WB44_05920],[protein_id=AKN60711.1],[gene=None],[protein=hypothetical protein]
[locus_tag=WB44_05930],[protein_id=AKN60713.1],[gene=None],[protein=hypothetical protein]
[locus_tag=WB44_05935],[protein_id=AKN60714.1],[gene=None],[protein=hypothetical protein]
[locus_tag=WB44_05950],[protein_id=AKN60717.1],[gene=None],[protein=hypothetical protein]
[locus_tag=WB44_05960],[protein_id=AKN62222.1],[gene=None],[protein=glycosyl hydrolase family 57]
[locus_tag=WB44_05975],[protein_id=AKN60720.1],[gene=None],[protein=hypothetical protein]
[locus_tag=WB44_05985],[protein_id=AKN62225.1],[gene=None],[protein=hypothetical protein]
[locus_tag=WB44_05990],[protein_id=AKN60721.1],[gene=None],[protein=hypothetical protein]
[locus_tag=WB44_05995],[protein_id=AKN60722.1],[gene=None],[protein=Red carotenoid-binding protein]
[locus_tag=WB44_06000],[protein_id=AKN62226.1],[gene=None],[protein=beta-carotene ketolase]
[locus_tag=WB44_06005],[protein_id=AKN60723.1],[gene=None],[protein=hypothetical protein]
[locus_tag=WB44_06015],[protein_id=AKN60725.1],[gene=None],[protein=hypothetical protein]
[locus_tag=WB44_06020],[protein_id=AKN60726.1],[gene=None],[protein=hypothetical protein]
[locus_tag=WB44_06025],[protein_id=AKN60727.1],[gene=None],[protein=hypothetical protein]
[locus_tag=WB44_06030],[protein_id=AKN60728.1],[gene=None],[protein=hypothetical protein]
[locus_tag=WB44_06050],[protein_id=AKN60731.1],[gene=None],[protein=hypothetical protein]
[locus_tag=WB44_06060],[protein_id=AKN60733.1],[gene=None],[protein=hypothetical protein]
[locus_tag=WB44_06075],[protein_id=AKN62229.1],[gene=None],[protein=molecular chaperone DnaJ]
[locus_tag=WB44_06105],[protein_id=AKN60739.1],[gene=None],[protein=hypothetical protein]
[locus_tag=WB44_06110],[protein_id=AKN60740.1],[gene=None],[protein=hypothetical protein]
[locus_tag=WB44_06140],[protein_id=AKN60744.1],[gene=None],[protein=membrane protein]
[locus_tag=WB44_06155],[protein_id=AKN60747.1],[gene=None],[protein=hypothetical protein]
[locus_tag=WB44_06165],[protein_id=AKN60748.1],[gene=None],[protein=hypothetical protein]
[locus_tag=WB44_06190],[protein_id=AKN60751.1],[gene=None],[protein=protease]
[locus_tag=WB44_06200],[protein_id=AKN60753.1],[gene=None],[protein=hypothetical protein]
[locus_tag=WB44_06205],[protein_id=AKN62235.1],[gene=None],[protein=hypothetical protein]
[locus_tag=WB44_06225],[protein_id=AKN60756.1],[gene=None],[protein=hypothetical protein]
[locus_tag=WB44_06245],[protein_id=AKN60759.1],[gene=None],[protein=phosphohydrolase]
[locus_tag=WB44_06260],[protein_id=AKN60761.1],[gene=None],[protein=cation transporter]
[locus_tag=WB44_06275],[protein_id=AKN60764.1],[gene=None],[protein=endolysin]
[locus_tag=WB44_06280],[protein_id=AKN60765.1],[gene=None],[protein=hypothetical protein]
[locus_tag=WB44_06315],[protein_id=AKN60772.1],[gene=None],[protein=ArgR family transcriptional regulator]
[locus_tag=WB44_06320],[protein_id=AKN60773.1],[gene=None],[protein=hypothetical protein]
[locus_tag=WB44_06325],[protein_id=AKN60774.1],[gene=None],[protein=hypothetical protein]
[locus_tag=WB44_06330],[protein_id=AKN60775.1],[gene=None],[protein=hypothetical protein]
[locus_tag=WB44_06350],[protein_id=AKN60778.1],[gene=None],[protein=ROK family protein]
[locus_tag=WB44_06380],[protein_id=AKN60782.1],[gene=None],[protein=hypothetical protein]
[locus_tag=WB44_06405],[protein_id=AKN62241.1],[gene=None],[protein=cytochrome C6]
[locus_tag=WB44_06410],[protein_id=AKN60787.1],[gene=None],[protein=hypothetical protein]
[locus_tag=WB44_06420],[protein_id=AKN60788.1],[gene=None],[protein=hypothetical protein]
[locus_tag=WB44_06425],[protein_id=AKN60789.1],[gene=None],[protein=hypothetical protein]
[locus_tag=WB44_06450],[protein_id=AKN60794.1],[gene=None],[protein=peptidase]
[locus_tag=WB44_06475],[protein_id=AKN60799.1],[gene=None],[protein=hypothetical protein]
[locus_tag=WB44_06480],[protein_id=AKN60800.1],[gene=None],[protein=hypothetical protein]
[locus_tag=WB44_06485],[protein_id=AKN60801.1],[gene=None],[protein=cytochrome C]
[locus_tag=WB44_06515],[protein_id=AKN62243.1],[gene=None],[protein=glucosidase]
[locus_tag=WB44_06520],[protein_id=AKN60806.1],[gene=None],[protein=dehydrogenase]
[locus_tag=WB44_06530],[protein_id=AKN60807.1],[gene=None],[protein=hypothetical protein]
[locus_tag=WB44_06545],[protein_id=AKN60809.1],[gene=None],[protein=gluconolactonase]
[locus_tag=WB44_06550],[protein_id=AKN60810.1],[gene=None],[protein=hypothetical protein]
[locus_tag=WB44_06570],[protein_id=AKN60814.1],[gene=None],[protein=hypothetical protein]
[locus_tag=WB44_06575],[protein_id=AKN60815.1],[gene=None],[protein=membrane protein]
[locus_tag=WB44_06605],[protein_id=AKN60820.1],[gene=None],[protein=plasmid partitioning protein ParB]
[locus_tag=WB44_06635],[protein_id=AKN60825.1],[gene=None],[protein=esterase]
[locus_tag=WB44_06670],[protein_id=AKN60831.1],[gene=None],[protein=rubsico expression protein CbbX]
[locus_tag=WB44_06680],[protein_id=AKN60833.1],[gene=None],[protein=hypothetical protein]
[locus_tag=WB44_06695],[protein_id=AKN60836.1],[gene=None],[protein=hypothetical protein]
[locus_tag=WB44_06705],[protein_id=AKN60838.1],[gene=None],[protein=carbon dioxide transporter]
[locus_tag=WB44_06760],[protein_id=AKN60848.1],[gene=None],[protein=hypothetical protein]
[locus_tag=WB44_06780],[protein_id=AKN60851.1],[gene=None],[protein=hypothetical protein]
[locus_tag=WB44_06810],[protein_id=AKN62252.1],[gene=None],[protein=Photosystem I reaction center subunit XII]
[locus_tag=WB44_06815],[protein_id=AKN60855.1],[gene=None],[protein=hypothetical protein]
[locus_tag=WB44_06820],[protein_id=AKN60856.1],[gene=None],[protein=membrane protein]
[locus_tag=WB44_06825],[protein_id=AKN62253.1],[gene=None],[protein=hypothetical protein]
[locus_tag=WB44_06845],[protein_id=AKN62254.1],[gene=None],[protein=hypothetical protein]
[locus_tag=WB44_06895],[protein_id=AKN60869.1],[gene=None],[protein=FAD-dependent oxidoreductase]
[locus_tag=WB44_06900],[protein_id=AKN60870.1],[gene=None],[protein=hypothetical protein]
[locus_tag=WB44_06990],[protein_id=AKN60885.1],[gene=None],[protein=hypothetical protein]
[locus_tag=WB44_07010],[protein_id=AKN62258.1],[gene=None],[protein=hypothetical protein]
[locus_tag=WB44_07085],[protein_id=AKN60900.1],[gene=None],[protein=hypothetical protein]
[locus_tag=WB44_07090],[protein_id=AKN60901.1],[gene=None],[protein=hypothetical protein]
[locus_tag=WB44_07095],[protein_id=AKN60902.1],[gene=None],[protein=hypothetical protein]
[locus_tag=WB44_07105],[protein_id=AKN62262.1],[gene=None],[protein=hypothetical protein]
[locus_tag=WB44_07110],[protein_id=AKN60904.1],[gene=None],[protein=hypothetical protein]
[locus_tag=WB44_07125],[protein_id=AKN60907.1],[gene=None],[protein=hypothetical protein]
[locus_tag=WB44_07130],[protein_id=AKN60908.1],[gene=None],[protein=hypothetical protein]
[locus_tag=WB44_07135],[protein_id=AKN62263.1],[gene=None],[protein=hypothetical protein]
[locus_tag=WB44_07155],[protein_id=AKN60912.1],[gene=None],[protein=hypothetical protein]
[locus_tag=WB44_07170],[protein_id=AKN60915.1],[gene=None],[protein=hypothetical protein]
[locus_tag=WB44_07180],[protein_id=AKN60917.1],[gene=None],[protein=hypothetical protein]
[locus_tag=WB44_07190],[protein_id=AKN60918.1],[gene=None],[protein=hypothetical protein]
[locus_tag=WB44_07195],[protein_id=AKN60919.1],[gene=None],[protein=hypothetical protein]
[locus_tag=WB44_07200],[protein_id=AKN60920.1],[gene=None],[protein=hypothetical protein]
[locus_tag=WB44_07205],[protein_id=AKN60921.1],[gene=None],[protein=hypothetical protein]
[locus_tag=WB44_07215],[protein_id=AKN60923.1],[gene=None],[protein=glycolate oxidase subunit GlcD]
[locus_tag=WB44_07225],[protein_id=AKN60925.1],[gene=None],[protein=porin]
[locus_tag=WB44_07230],[protein_id=AKN60926.1],[gene=None],[protein=hypothetical protein]
[locus_tag=WB44_07235],[protein_id=AKN60927.1],[gene=None],[protein=hypothetical protein]
[locus_tag=WB44_07240],[protein_id=AKN60928.1],[gene=None],[protein=hypothetical protein]
[locus_tag=WB44_07245],[protein_id=AKN60929.1],[gene=None],[protein=hypothetical protein]
[locus_tag=WB44_07255],[protein_id=AKN60931.1],[gene=None],[protein=hypothetical protein]
[locus_tag=WB44_07260],[protein_id=AKN62265.1],[gene=None],[protein=hypothetical protein]
[locus_tag=WB44_07265],[protein_id=AKN62266.1],[gene=None],[protein=hypothetical protein]
[locus_tag=WB44_07270],[protein_id=AKN60932.1],[gene=None],[protein=hypothetical protein]
[locus_tag=WB44_07275],[protein_id=AKN60933.1],[gene=None],[protein=hypothetical protein]
[locus_tag=WB44_07280],[protein_id=AKN60934.1],[gene=None],[protein=hypothetical protein]
[locus_tag=WB44_07285],[protein_id=AKN60935.1],[gene=None],[protein=hypothetical protein]
[locus_tag=WB44_07290],[protein_id=AKN60936.1],[gene=None],[protein=hypothetical protein]
[locus_tag=WB44_07295],[protein_id=AKN60937.1],[gene=None],[protein=hypothetical protein]
[locus_tag=WB44_07315],[protein_id=AKN60940.1],[gene=None],[protein=hypothetical protein]
[locus_tag=WB44_07320],[protein_id=AKN60941.1],[gene=None],[protein=hypothetical protein]
[locus_tag=WB44_07325],[protein_id=AKN60942.1],[gene=None],[protein=hypothetical protein]
[locus_tag=WB44_07335],[protein_id=AKN60944.1],[gene=None],[protein=hypothetical protein]
[locus_tag=WB44_07340],[protein_id=AKN60945.1],[gene=None],[protein=hypothetical protein]
[locus_tag=WB44_07345],[protein_id=AKN60946.1],[gene=None],[protein=hypothetical protein]
[locus_tag=WB44_07355],[protein_id=AKN60948.1],[gene=None],[protein=hypothetical protein]
[locus_tag=WB44_07370],[protein_id=AKN60950.1],[gene=None],[protein=hypothetical protein]
[locus_tag=WB44_07375],[protein_id=AKN60951.1],[gene=None],[protein=hypothetical protein]
[locus_tag=WB44_07385],[protein_id=AKN60953.1],[gene=None],[protein=hypothetical protein]
[locus_tag=WB44_07390],[protein_id=AKN60954.1],[gene=None],[protein=hypothetical protein]
[locus_tag=WB44_07395],[protein_id=AKN60955.1],[gene=None],[protein=protein kinase family protein]
[locus_tag=WB44_07400],[protein_id=AKN60956.1],[gene=None],[protein=tellurium resistance protein]
[locus_tag=WB44_07405],[protein_id=AKN60957.1],[gene=None],[protein=hypothetical protein]
[locus_tag=WB44_07415],[protein_id=AKN60958.1],[gene=None],[protein=hypothetical protein]
[locus_tag=WB44_07420],[protein_id=AKN62268.1],[gene=None],[protein=hypothetical protein]
[locus_tag=WB44_07430],[protein_id=AKN60959.1],[gene=None],[protein=hypothetical protein]
[locus_tag=WB44_07435],[protein_id=AKN60960.1],[gene=None],[protein=hypothetical protein]
[locus_tag=WB44_07440],[protein_id=AKN60961.1],[gene=None],[protein=hypothetical protein]
[locus_tag=WB44_07445],[protein_id=AKN60962.1],[gene=None],[protein=hypothetical protein]
[locus_tag=WB44_07505],[protein_id=AKN60971.1],[gene=None],[protein=metal-binding protein]
[locus_tag=WB44_07565],[protein_id=AKN60982.1],[gene=None],[protein=membrane protein]
[locus_tag=WB44_07585],[protein_id=AKN60986.1],[gene=None],[protein=peptidase M23]
[locus_tag=WB44_07610],[protein_id=AKN60990.1],[gene=None],[protein=hypothetical protein]
[locus_tag=WB44_07635],[protein_id=AKN60995.1],[gene=None],[protein=hypothetical protein]
[locus_tag=WB44_07645],[protein_id=AKN60996.1],[gene=None],[protein=hypothetical protein]
[locus_tag=WB44_07690],[protein_id=AKN61004.1],[gene=None],[protein=hypothetical protein]
[locus_tag=WB44_07695],[protein_id=AKN61005.1],[gene=None],[protein=acetylmannosamine-6-phosphate 2-epimerase]
[locus_tag=WB44_07715],[protein_id=AKN61008.1],[gene=None],[protein=ADP-heptose--LPS heptosyltransferase]
[locus_tag=WB44_07810],[protein_id=AKN61023.1],[gene=None],[protein=twitching motility protein]
[locus_tag=WB44_07815],[protein_id=AKN61024.1],[gene=None],[protein=UDP-N-acetylglucosamine 2-epimerase]
[locus_tag=WB44_07825],[protein_id=AKN61026.1],[gene=None],[protein=hypothetical protein]
[locus_tag=WB44_07900],[protein_id=AKN61037.1],[gene=None],[protein=hypothetical protein]
[locus_tag=WB44_07915],[protein_id=AKN62281.1],[gene=None],[protein=hypothetical protein]
[locus_tag=WB44_07920],[protein_id=AKN62282.1],[gene=None],[protein=hypothetical protein]
[locus_tag=WB44_07925],[protein_id=AKN61040.1],[gene=None],[protein=hypothetical protein]
[locus_tag=WB44_07940],[protein_id=AKN61041.1],[gene=None],[protein=lactamase]
[locus_tag=WB44_07985],[protein_id=AKN61048.1],[gene=None],[protein=regucalcin]
[locus_tag=WB44_07990],[protein_id=AKN61049.1],[gene=None],[protein=hypothetical protein]
[locus_tag=WB44_08005],[protein_id=AKN61052.1],[gene=None],[protein=LuxR family transcriptional regulator]
[locus_tag=WB44_08010],[protein_id=AKN62286.1],[gene=None],[protein=hypothetical protein]
[locus_tag=WB44_08025],[protein_id=AKN61055.1],[gene=None],[protein=hypothetical protein]
[locus_tag=WB44_08065],[protein_id=AKN61061.1],[gene=None],[protein=hypothetical protein]
[locus_tag=WB44_08090],[protein_id=AKN62289.1],[gene=None],[protein=circadian clock protein KaiA]
[locus_tag=WB44_08105],[protein_id=AKN61068.1],[gene=None],[protein=hypothetical protein]
[locus_tag=WB44_08115],[protein_id=AKN61070.1],[gene=None],[protein=bilin biosynthesis protein CpeY]
[locus_tag=WB44_08120],[protein_id=AKN61071.1],[gene=None],[protein=AraC family transcriptional regulator]
[locus_tag=WB44_08125],[protein_id=AKN61072.1],[gene=None],[protein=AraC family transcriptional regulator]
[locus_tag=WB44_08140],[protein_id=AKN61075.1],[gene=None],[protein=transcriptional regulator]
[locus_tag=WB44_08145],[protein_id=AKN61076.1],[gene=None],[protein=hypothetical protein]
[locus_tag=WB44_08160],[protein_id=AKN61079.1],[gene=None],[protein=hypothetical protein]
[locus_tag=WB44_08165],[protein_id=AKN62290.1],[gene=None],[protein=acetyltransferase]
[locus_tag=WB44_08170],[protein_id=AKN61080.1],[gene=None],[protein=hypothetical protein]
[locus_tag=WB44_08175],[protein_id=AKN61081.1],[gene=None],[protein=hypothetical protein]
[locus_tag=WB44_08180],[protein_id=AKN61082.1],[gene=None],[protein=hypothetical protein]
[locus_tag=WB44_08185],[protein_id=AKN61083.1],[gene=None],[protein=5-oxoprolinase]
[locus_tag=WB44_08190],[protein_id=AKN61084.1],[gene=None],[protein=hypothetical protein]
[locus_tag=WB44_08195],[protein_id=AKN61085.1],[gene=None],[protein=N-acetylglucosamine-6-phosphate isomerase]
[locus_tag=WB44_08210],[protein_id=AKN61087.1],[gene=psbV],[protein=cytochrome c-550]
[locus_tag=WB44_08215],[protein_id=AKN61088.1],[gene=None],[protein=phycobilisome linker polypeptide]
[locus_tag=WB44_08265],[protein_id=AKN61094.1],[gene=None],[protein=hypothetical protein]
[locus_tag=WB44_08275],[protein_id=AKN61096.1],[gene=None],[protein=hypothetical protein]
[locus_tag=WB44_08295],[protein_id=AKN61099.1],[gene=None],[protein=hypothetical protein]
[locus_tag=WB44_08305],[protein_id=AKN61100.1],[gene=None],[protein=hypothetical protein]
[locus_tag=WB44_08310],[protein_id=AKN61101.1],[gene=None],[protein=ferredoxin--nitrite reductase]
[locus_tag=WB44_08330],[protein_id=AKN61105.1],[gene=None],[protein=mechanosensitive ion channel protein MscL]
[locus_tag=WB44_08370],[protein_id=AKN61111.1],[gene=None],[protein=sodium:calcium antiporter]
[locus_tag=WB44_08405],[protein_id=AKN61117.1],[gene=None],[protein=dehydrogenase]
[locus_tag=WB44_08410],[protein_id=AKN61118.1],[gene=None],[protein=hypothetical protein]
[locus_tag=WB44_08415],[protein_id=AKN61119.1],[gene=None],[protein=hypothetical protein]
[locus_tag=WB44_08425],[protein_id=AKN61120.1],[gene=None],[protein=preprotein translocase subunit SecA]
[locus_tag=WB44_08435],[protein_id=AKN61121.1],[gene=None],[protein=hypothetical protein]
[locus_tag=WB44_08445],[protein_id=AKN62303.1],[gene=None],[protein=hypothetical protein]
[locus_tag=WB44_08495],[protein_id=AKN62305.1],[gene=None],[protein=cell wall anchor protein]
[locus_tag=WB44_08510],[protein_id=AKN61132.1],[gene=None],[protein=photosystem I reaction center subunit XII]
[locus_tag=WB44_08550],[protein_id=AKN61140.1],[gene=None],[protein=hypothetical protein]
[locus_tag=WB44_08560],[protein_id=AKN61142.1],[gene=None],[protein=adenylosuccinate lyase]
[locus_tag=WB44_08640],[protein_id=AKN61156.1],[gene=None],[protein=sodium:proline symporter]
[locus_tag=WB44_08695],[protein_id=AKN61165.1],[gene=None],[protein=hypothetical protein]
[locus_tag=WB44_08700],[protein_id=AKN61166.1],[gene=None],[protein=ABC transporter substrate-binding protein]
[locus_tag=WB44_08705],[protein_id=AKN61167.1],[gene=None],[protein=hypothetical protein]
[locus_tag=WB44_08710],[protein_id=AKN61168.1],[gene=None],[protein=hypothetical protein]
[locus_tag=WB44_08715],[protein_id=AKN61169.1],[gene=None],[protein=hypothetical protein]
[locus_tag=WB44_08740],[protein_id=AKN61173.1],[gene=None],[protein=hypothetical protein]
[locus_tag=WB44_08750],[protein_id=AKN61174.1],[gene=None],[protein=hypothetical protein]
[locus_tag=WB44_08755],[protein_id=AKN62311.1],[gene=None],[protein=hypothetical protein]
[locus_tag=WB44_08760],[protein_id=AKN61175.1],[gene=None],[protein=diadenosine tetraphosphate hydrolase]
[locus_tag=WB44_08770],[protein_id=AKN62313.1],[gene=None],[protein=hypothetical protein]
[locus_tag=WB44_08775],[protein_id=AKN62314.1],[gene=None],[protein=hypothetical protein]
[locus_tag=WB44_08780],[protein_id=AKN61176.1],[gene=None],[protein=hypothetical protein]
[locus_tag=WB44_08795],[protein_id=AKN61179.1],[gene=None],[protein=membrane protein]
[locus_tag=WB44_08850],[protein_id=AKN61189.1],[gene=None],[protein=hypothetical protein]
[locus_tag=WB44_08855],[protein_id=AKN61190.1],[gene=None],[protein=TonB-dependent receptor]
[locus_tag=WB44_08860],[protein_id=AKN62316.1],[gene=None],[protein=hypothetical protein]
[locus_tag=WB44_08865],[protein_id=AKN61191.1],[gene=None],[protein=partitioning protein ParB]
[locus_tag=WB44_08870],[protein_id=AKN61192.1],[gene=None],[protein=hypothetical protein]
[locus_tag=WB44_08875],[protein_id=AKN61193.1],[gene=None],[protein=hypothetical protein]
[locus_tag=WB44_08880],[protein_id=AKN61194.1],[gene=None],[protein=hypothetical protein]
[locus_tag=WB44_08885],[protein_id=AKN61195.1],[gene=None],[protein=carboxymethylenebutenolidase]
[locus_tag=WB44_08890],[protein_id=AKN61196.1],[gene=None],[protein=hypothetical protein]
[locus_tag=WB44_08895],[protein_id=AKN61197.1],[gene=None],[protein=hypothetical protein]
[locus_tag=WB44_08900],[protein_id=AKN62317.1],[gene=None],[protein=hypothetical protein]
[locus_tag=WB44_08905],[protein_id=AKN61198.1],[gene=None],[protein=hypothetical protein]
[locus_tag=WB44_08910],[protein_id=AKN61199.1],[gene=None],[protein=hypothetical protein]
[locus_tag=WB44_08915],[protein_id=AKN61200.1],[gene=None],[protein=hypothetical protein]
[locus_tag=WB44_08920],[protein_id=AKN61201.1],[gene=None],[protein=hypothetical protein]
[locus_tag=WB44_08925],[protein_id=AKN61202.1],[gene=None],[protein=hypothetical protein]
[locus_tag=WB44_08930],[protein_id=AKN61203.1],[gene=None],[protein=hypothetical protein]
[locus_tag=WB44_08935],[protein_id=AKN61204.1],[gene=None],[protein=hypothetical protein]
[locus_tag=WB44_08940],[protein_id=AKN61205.1],[gene=None],[protein=hypothetical protein]
[locus_tag=WB44_08945],[protein_id=AKN61206.1],[gene=None],[protein=hypothetical protein]
[locus_tag=WB44_08950],[protein_id=AKN61207.1],[gene=None],[protein=hypothetical protein]
[locus_tag=WB44_08955],[protein_id=AKN61208.1],[gene=None],[protein=hypothetical protein]
[locus_tag=WB44_08965],[protein_id=AKN61209.1],[gene=None],[protein=hypothetical protein]
[locus_tag=WB44_08970],[protein_id=AKN61210.1],[gene=None],[protein=hypothetical protein]
[locus_tag=WB44_08985],[protein_id=AKN61211.1],[gene=None],[protein=hypothetical protein]
[locus_tag=WB44_08990],[protein_id=AKN61212.1],[gene=None],[protein=hypothetical protein]
[locus_tag=WB44_08995],[protein_id=AKN62319.1],[gene=None],[protein=hypothetical protein]
[locus_tag=WB44_09005],[protein_id=AKN61213.1],[gene=None],[protein=hypothetical protein]
[locus_tag=WB44_09010],[protein_id=AKN61214.1],[gene=None],[protein=hypothetical protein]
[locus_tag=WB44_09015],[protein_id=AKN61215.1],[gene=None],[protein=hypothetical protein]
[locus_tag=WB44_09020],[protein_id=AKN61216.1],[gene=None],[protein=monooxygenase]
[locus_tag=WB44_09025],[protein_id=AKN61217.1],[gene=None],[protein=hypothetical protein]
[locus_tag=WB44_09030],[protein_id=AKN61218.1],[gene=None],[protein=hypothetical protein]
[locus_tag=WB44_09040],[protein_id=AKN61220.1],[gene=None],[protein=hypothetical protein]
[locus_tag=WB44_09045],[protein_id=AKN61221.1],[gene=None],[protein=hypothetical protein]
[locus_tag=WB44_09050],[protein_id=AKN61222.1],[gene=None],[protein=hypothetical protein]
[locus_tag=WB44_09055],[protein_id=AKN61223.1],[gene=None],[protein=hypothetical protein]
[locus_tag=WB44_09060],[protein_id=AKN61224.1],[gene=None],[protein=hypothetical protein]
[locus_tag=WB44_09120],[protein_id=AKN61232.1],[gene=None],[protein=Photosystem II reaction center X protein]
[locus_tag=WB44_09130],[protein_id=AKN61234.1],[gene=None],[protein=Tol biopolymer transport system periplasmic protein]
[locus_tag=WB44_09135],[protein_id=AKN61235.1],[gene=None],[protein=hypothetical protein]
[locus_tag=WB44_09155],[protein_id=AKN61237.1],[gene=None],[protein=ATP-dependent protease]
[locus_tag=WB44_09165],[protein_id=AKN61239.1],[gene=None],[protein=hypothetical protein]
[locus_tag=WB44_09170],[protein_id=AKN61240.1],[gene=None],[protein=hypothetical protein]
[locus_tag=WB44_09185],[protein_id=AKN62325.1],[gene=None],[protein=fuculose phosphate aldolase]
[locus_tag=WB44_09190],[protein_id=AKN61243.1],[gene=None],[protein=methylthioribose-1-phosphate isomerase]
[locus_tag=WB44_09200],[protein_id=AKN61245.1],[gene=None],[protein=SAM-dependent methyltransferase]
[locus_tag=WB44_09225],[protein_id=AKN61250.1],[gene=None],[protein=ferredoxin thioredoxin reductase]
[locus_tag=WB44_09230],[protein_id=AKN61251.1],[gene=None],[protein=ArsR family transcriptional regulator]
[locus_tag=WB44_09245],[protein_id=AKN62326.1],[gene=None],[protein=phycobilisome rod-core linker polypeptide CpcG]
[locus_tag=WB44_09260],[protein_id=AKN62328.1],[gene=None],[protein=phospholipase]
[locus_tag=WB44_09265],[protein_id=AKN61255.1],[gene=None],[protein=hypothetical protein]
[locus_tag=WB44_09275],[protein_id=AKN61257.1],[gene=None],[protein=hypothetical protein]
[locus_tag=WB44_09290],[protein_id=AKN61259.1],[gene=None],[protein=hypothetical protein]
[locus_tag=WB44_09295],[protein_id=AKN61260.1],[gene=None],[protein=RND transporter]
[locus_tag=WB44_09310],[protein_id=AKN61263.1],[gene=None],[protein=protein phosphatase]
[locus_tag=WB44_09315],[protein_id=AKN61264.1],[gene=None],[protein=hypothetical protein]
[locus_tag=WB44_09360],[protein_id=AKN61271.1],[gene=None],[protein=anhydro-N-acetylmuramic acid kinase]
[locus_tag=WB44_09410],[protein_id=AKN61277.1],[gene=None],[protein=DEAD/DEAH box helicase]
[locus_tag=WB44_09420],[protein_id=AKN61279.1],[gene=None],[protein=exodeoxyribonuclease VII]
[locus_tag=WB44_09425],[protein_id=AKN61280.1],[gene=None],[protein=exodeoxyribonuclease VII]
[locus_tag=WB44_09495],[protein_id=AKN61286.1],[gene=psbU],[protein=photosystem II complex extrinsic protein precursor U]
[locus_tag=WB44_09515],[protein_id=AKN61290.1],[gene=None],[protein=MFS transporter]
[locus_tag=WB44_09520],[protein_id=AKN61291.1],[gene=None],[protein=cytochrome b6-f complex subunit 6]
[locus_tag=WB44_09540],[protein_id=AKN62339.1],[gene=None],[protein=hypothetical protein]
[locus_tag=WB44_09585],[protein_id=AKN61301.1],[gene=None],[protein=glycosyl hydrolase family 3]
[locus_tag=WB44_09590],[protein_id=AKN61302.1],[gene=None],[protein=glycosyl transferase]
[locus_tag=WB44_09600],[protein_id=AKN62341.1],[gene=None],[protein=hypothetical protein]
[locus_tag=WB44_09640],[protein_id=AKN61310.1],[gene=None],[protein=sodium:proton antiporter]
[locus_tag=WB44_09665],[protein_id=AKN61314.1],[gene=None],[protein=oxidoreductase]
[locus_tag=WB44_09675],[protein_id=AKN61315.1],[gene=None],[protein=4-amino-4-deoxy-L-arabinose transferase]
[locus_tag=WB44_09680],[protein_id=AKN62344.1],[gene=None],[protein=pectate lyase]
[locus_tag=WB44_09685],[protein_id=AKN61316.1],[gene=None],[protein=hypothetical protein]
[locus_tag=WB44_09690],[protein_id=AKN61317.1],[gene=None],[protein=hypothetical protein]
[locus_tag=WB44_09770],[protein_id=AKN61330.1],[gene=None],[protein=hypothetical protein]
[locus_tag=WB44_09835],[protein_id=AKN61341.1],[gene=None],[protein=hypothetical protein]
[locus_tag=WB44_09895],[protein_id=AKN61352.1],[gene=None],[protein=phosphohistidine phosphatase]
[locus_tag=WB44_09900],[protein_id=AKN61353.1],[gene=None],[protein=hypothetical protein]
[locus_tag=WB44_09910],[protein_id=AKN62351.1],[gene=None],[protein=HrcA family transcriptional regulator]
[locus_tag=WB44_09915],[protein_id=AKN61354.1],[gene=None],[protein=hypothetical protein]
[locus_tag=WB44_09920],[protein_id=AKN61355.1],[gene=None],[protein=hypothetical protein]
[locus_tag=WB44_09945],[protein_id=AKN61359.1],[gene=None],[protein=permease]
[locus_tag=WB44_09955],[protein_id=AKN61361.1],[gene=None],[protein=N-acetylglucosamine-6-phosphate deacetylase]
[locus_tag=WB44_09975],[protein_id=AKN61365.1],[gene=None],[protein=hypothetical protein]
[locus_tag=WB44_09985],[protein_id=AKN61367.1],[gene=None],[protein=hypothetical protein]
[locus_tag=WB44_09990],[protein_id=AKN61368.1],[gene=None],[protein=hypothetical protein]
[locus_tag=WB44_10005],[protein_id=AKN61371.1],[gene=None],[protein=hypothetical protein]
[locus_tag=WB44_10015],[protein_id=AKN61373.1],[gene=None],[protein=membrane protein]
[locus_tag=WB44_10020],[protein_id=AKN61374.1],[gene=None],[protein=hypothetical protein]
[locus_tag=WB44_10085],[protein_id=AKN61385.1],[gene=None],[protein=asparaginase]
[locus_tag=WB44_10100],[protein_id=AKN61387.1],[gene=None],[protein=hypothetical protein]
[locus_tag=WB44_10105],[protein_id=AKN62356.1],[gene=None],[protein=hypothetical protein]
[locus_tag=WB44_10110],[protein_id=AKN61388.1],[gene=None],[protein=ketosteroid isomerase]
[locus_tag=WB44_10115],[protein_id=AKN61389.1],[gene=None],[protein=alcohol dehydrogenase]
[locus_tag=WB44_10120],[protein_id=AKN61390.1],[gene=None],[protein=antibiotic biosynthesis monooxygenase]
[locus_tag=WB44_10125],[protein_id=AKN61391.1],[gene=None],[protein=hypothetical protein]
[locus_tag=WB44_10130],[protein_id=AKN61392.1],[gene=None],[protein=hypothetical protein]
[locus_tag=WB44_10140],[protein_id=AKN61393.1],[gene=None],[protein=hypothetical protein]
[locus_tag=WB44_10150],[protein_id=AKN61394.1],[gene=None],[protein=hypothetical protein]
[locus_tag=WB44_10155],[protein_id=AKN61395.1],[gene=None],[protein=hypothetical protein]
[locus_tag=WB44_10160],[protein_id=AKN61396.1],[gene=None],[protein=hypothetical protein]
[locus_tag=WB44_10165],[protein_id=AKN61397.1],[gene=None],[protein=carboxyvinyl-carboxyphosphonate phosphorylmutase]
[locus_tag=WB44_10170],[protein_id=AKN61398.1],[gene=None],[protein=hypothetical protein]
[locus_tag=WB44_10175],[protein_id=AKN61399.1],[gene=None],[protein=hypothetical protein]
[locus_tag=WB44_10180],[protein_id=AKN61400.1],[gene=None],[protein=hypothetical protein]
[locus_tag=WB44_10190],[protein_id=AKN61401.1],[gene=None],[protein=hypothetical protein]
[locus_tag=WB44_10195],[protein_id=AKN61402.1],[gene=None],[protein=hypothetical protein]
[locus_tag=WB44_10200],[protein_id=AKN61403.1],[gene=None],[protein=hypothetical protein]
[locus_tag=WB44_10205],[protein_id=AKN61404.1],[gene=None],[protein=membrane protein]
[locus_tag=WB44_10215],[protein_id=AKN62359.1],[gene=None],"[protein=2-pyrone-4,6-dicarboxylate hydrolase]"
[locus_tag=WB44_10220],[protein_id=AKN61405.1],[gene=None],[protein=hypothetical protein]
[locus_tag=WB44_10225],[protein_id=AKN61406.1],[gene=None],[protein=hypothetical protein]
[locus_tag=WB44_10230],[protein_id=AKN61407.1],[gene=None],[protein=permease]
[locus_tag=WB44_10260],[protein_id=AKN61411.1],[gene=None],"[protein=1,4-beta-glucanase]"
[locus_tag=WB44_10275],[protein_id=AKN61413.1],[gene=None],[protein=universal stress protein]
[locus_tag=WB44_10285],[protein_id=AKN62363.1],[gene=None],[protein=hypothetical protein]
[locus_tag=WB44_10290],[protein_id=AKN61415.1],[gene=None],[protein=hypothetical protein]
[locus_tag=WB44_10320],[protein_id=AKN61419.1],[gene=None],[protein=general secretion pathway protein GspD]
[locus_tag=WB44_10325],[protein_id=AKN61420.1],[gene=None],[protein=hypothetical protein]
[locus_tag=WB44_10330],[protein_id=AKN61421.1],[gene=None],[protein=pilus assembly protein]
[locus_tag=WB44_10335],[protein_id=AKN61422.1],[gene=None],[protein=hypothetical protein]
[locus_tag=WB44_10350],[protein_id=AKN61424.1],[gene=None],[protein=hypothetical protein]
[locus_tag=WB44_10410],[protein_id=AKN61433.1],[gene=None],[protein=hypothetical protein]
[locus_tag=WB44_10415],[protein_id=AKN61434.1],[gene=None],[protein=hypothetical protein]
[locus_tag=WB44_10430],[protein_id=AKN62370.1],[gene=None],[protein=hypothetical protein]
[locus_tag=WB44_10445],[protein_id=AKN61438.1],[gene=None],[protein=guanylate cyclase]
[locus_tag=WB44_10455],[protein_id=AKN61439.1],[gene=None],[protein=hypothetical protein]
[locus_tag=WB44_10460],[protein_id=AKN61440.1],[gene=None],[protein=hypothetical protein]
[locus_tag=WB44_10485],[protein_id=AKN61445.1],[gene=None],[protein=hypothetical protein]
[locus_tag=WB44_10490],[protein_id=AKN61446.1],[gene=None],[protein=hypothetical protein]
[locus_tag=WB44_10505],[protein_id=AKN61448.1],[gene=None],[protein=hypothetical protein]
[locus_tag=WB44_10510],[protein_id=AKN61449.1],[gene=None],[protein=helicase]
[locus_tag=WB44_10515],[protein_id=AKN61450.1],[gene=None],[protein=swim zn-finger containing protein]
[locus_tag=WB44_10520],[protein_id=AKN61451.1],[gene=None],[protein=MEKHLA domain-containing protein]
[locus_tag=WB44_10525],[protein_id=AKN61452.1],[gene=None],[protein=iron transporter]
[locus_tag=WB44_10530],[protein_id=AKN61453.1],[gene=None],[protein=heat-shock protein]
[locus_tag=WB44_10535],[protein_id=AKN61454.1],[gene=None],[protein=ABC transporter substrate-binding protein]
[locus_tag=WB44_10540],[protein_id=AKN61455.1],[gene=None],[protein=C4-dicarboxylate ABC transporter substrate-binding protein]
[locus_tag=WB44_10545],[protein_id=AKN61456.1],[gene=None],[protein=C4-dicarboxylate ABC transporter]
[locus_tag=WB44_10575],[protein_id=AKN61461.1],[gene=None],[protein=hypothetical protein]
[locus_tag=WB44_10630],[protein_id=AKN62375.1],[gene=None],[protein=DNA polymerase III subunit beta]
[locus_tag=WB44_10635],[protein_id=AKN61470.1],[gene=None],[protein=peptidase M23]
[locus_tag=WB44_10645],[protein_id=AKN61472.1],[gene=None],[protein=hypothetical protein]
[locus_tag=WB44_10650],[protein_id=AKN61473.1],[gene=None],[protein=membrane protein]
[locus_tag=WB44_10675],[protein_id=AKN61477.1],[gene=None],[protein=hypothetical protein]
[locus_tag=WB44_10685],[protein_id=AKN62377.1],[gene=None],[protein=sugar ABC transporter substrate-binding protein]
[locus_tag=WB44_10710],[protein_id=AKN61483.1],[gene=None],[protein=hypothetical protein]
[locus_tag=WB44_10715],[protein_id=AKN61484.1],[gene=None],[protein=mechanosensitive ion channel protein]
[locus_tag=WB44_10720],[protein_id=AKN62378.1],[gene=None],[protein=hypothetical protein]
[locus_tag=WB44_10725],[protein_id=AKN61485.1],[gene=None],[protein=hypothetical protein]
[locus_tag=WB44_10750],[protein_id=AKN61489.1],[gene=None],[protein=hypothetical protein]
[locus_tag=WB44_10760],[protein_id=AKN61491.1],[gene=None],[protein=protein phosphatase]
[locus_tag=WB44_10765],[protein_id=AKN61492.1],[gene=None],[protein=hypothetical protein]
[locus_tag=WB44_10780],[protein_id=AKN61495.1],[gene=None],[protein=hypothetical protein]
[locus_tag=WB44_10785],[protein_id=AKN61496.1],[gene=None],[protein=hypothetical protein]
[locus_tag=WB44_10790],[protein_id=AKN61497.1],[gene=None],[protein=hypothetical protein]
[locus_tag=WB44_10795],[protein_id=AKN61498.1],[gene=None],[protein=hypothetical protein]
[locus_tag=WB44_10815],[protein_id=AKN61502.1],[gene=None],[protein=hypothetical protein]
[locus_tag=WB44_10825],[protein_id=AKN61503.1],[gene=None],[protein=membrane protein]
[locus_tag=WB44_10835],[protein_id=AKN61505.1],[gene=None],[protein=hypothetical protein]
[locus_tag=WB44_10850],[protein_id=AKN62380.1],[gene=None],[protein=hypothetical protein]
[locus_tag=WB44_10870],[protein_id=AKN61511.1],[gene=None],[protein=ferritin]
[locus_tag=WB44_10895],[protein_id=AKN61515.1],[gene=None],[protein=hypothetical protein]
[locus_tag=WB44_10905],[protein_id=AKN61516.1],[gene=None],[protein=hemolysin D]
[locus_tag=WB44_10910],[protein_id=AKN61517.1],[gene=None],[protein=ecotin]
[locus_tag=WB44_10930],[protein_id=AKN61519.1],[gene=None],[protein=amino acid permease]
[locus_tag=WB44_11020],[protein_id=AKN61536.1],[gene=None],[protein=molybdenum cofactor biosynthesis protein MoeA]
[locus_tag=WB44_11025],[protein_id=AKN62385.1],[gene=None],[protein=molybdopterin-guanine dinucleotide biosynthesis protein MobA]
[locus_tag=WB44_11030],[protein_id=AKN61537.1],[gene=None],[protein=MFS transporter]
[locus_tag=WB44_11035],[protein_id=AKN61538.1],[gene=None],[protein=nitrate reductase]
[locus_tag=WB44_11040],[protein_id=AKN61539.1],[gene=None],[protein=nitrate reductase]
[locus_tag=WB44_11045],[protein_id=AKN61540.1],[gene=None],[protein=hypothetical protein]
[locus_tag=WB44_11050],[protein_id=AKN61541.1],[gene=None],[protein=cyclic pyranopterin monophosphate synthase]
[locus_tag=WB44_11055],[protein_id=AKN62386.1],[gene=None],[protein=molybdenum cofactor biosynthesis protein MoeA]
[locus_tag=WB44_11060],[protein_id=AKN61542.1],[gene=None],[protein=molybdenum cofactor biosynthesis protein MoaE]
[locus_tag=WB44_11065],[protein_id=AKN61543.1],[gene=None],[protein=molybdopterin biosynthesis]
[locus_tag=WB44_11070],[protein_id=AKN62387.1],[gene=None],[protein=molybdopterin biosynthesis protein B]
[locus_tag=WB44_11080],[protein_id=AKN61545.1],[gene=None],[protein=DNA mismatch repair protein MutS]
[locus_tag=WB44_11085],[protein_id=AKN61546.1],[gene=None],[protein=hypothetical protein]
[locus_tag=WB44_11095],[protein_id=AKN62388.1],[gene=None],[protein=nitrite transporter]
[locus_tag=WB44_11100],[protein_id=AKN61548.1],[gene=None],[protein=capsid protein]
[locus_tag=WB44_11110],[protein_id=AKN61549.1],[gene=None],[protein=hypothetical protein]
[locus_tag=WB44_11115],[protein_id=AKN61550.1],[gene=None],[protein=anthranilate phosphoribosyltransferase]
[locus_tag=WB44_11160],[protein_id=AKN61556.1],[gene=None],[protein=hypothetical protein]
[locus_tag=WB44_11165],[protein_id=AKN62392.1],[gene=None],[protein=Fe-S oxidoreductase]
[locus_tag=WB44_11180],[protein_id=AKN61559.1],[gene=None],[protein=lipoprotein]
[locus_tag=WB44_11215],[protein_id=AKN61565.1],[gene=None],[protein=hypothetical protein]
[locus_tag=WB44_11225],[protein_id=AKN61567.1],[gene=None],[protein=hypothetical protein]
[locus_tag=WB44_11250],[protein_id=AKN61571.1],[gene=None],[protein=cytochrome B6]
[locus_tag=WB44_11295],[protein_id=AKN62397.1],[gene=None],[protein=membrane protein]
[locus_tag=WB44_11335],[protein_id=AKN61585.1],[gene=None],[protein=hypothetical protein]
[locus_tag=WB44_11385],[protein_id=AKN61593.1],[gene=None],[protein=pilus assembly protein PilC]
[locus_tag=WB44_11390],[protein_id=AKN62400.1],[gene=None],[protein=twitching motility protein PilT]
[locus_tag=WB44_11395],[protein_id=AKN62401.1],[gene=None],[protein=general secretion pathway protein GspE]
[locus_tag=WB44_11465],[protein_id=AKN61606.1],[gene=None],[protein=4-hydroxythreonine-4-phosphate dehydrogenase]
[locus_tag=WB44_11485],[protein_id=AKN62403.1],[gene=None],[protein=helicase]
[locus_tag=WB44_11490],[protein_id=AKN61610.1],[gene=None],[protein=hypothetical protein]
[locus_tag=WB44_11505],[protein_id=AKN61613.1],[gene=None],[protein=chemotaxis protein]
[locus_tag=WB44_11515],[protein_id=AKN61615.1],[gene=None],[protein=hypothetical protein]
[locus_tag=WB44_11540],[protein_id=AKN61619.1],[gene=None],[protein=hypothetical protein]
[locus_tag=WB44_11545],[protein_id=AKN61620.1],[gene=None],[protein=hypothetical protein]
[locus_tag=WB44_11555],[protein_id=AKN61622.1],[gene=None],[protein=hypothetical protein]
[locus_tag=WB44_11575],[protein_id=AKN61626.1],[gene=None],[protein=high light inducible protein]
[locus_tag=WB44_11585],[protein_id=AKN62404.1],[gene=None],[protein=hypothetical protein]
[locus_tag=WB44_11620],[protein_id=AKN61633.1],[gene=None],[protein=NC domain protein]
[locus_tag=WB44_11655],[protein_id=AKN61640.1],[gene=None],[protein=hypothetical protein]
[locus_tag=WB44_11670],[protein_id=AKN61641.1],[gene=None],[protein=membrane protein]
[locus_tag=WB44_11685],[protein_id=AKN61643.1],[gene=None],[protein=curli assembly protein CsgG]
[locus_tag=WB44_11705],[protein_id=AKN61647.1],[gene=None],[protein=photosystem II core protein PsbZ]
[locus_tag=WB44_11750],[protein_id=AKN61652.1],[gene=None],[protein=dienelactone hydrolase]
[locus_tag=WB44_11805],[protein_id=AKN61661.1],[gene=None],[protein=RND transporter]
[locus_tag=WB44_11815],[protein_id=AKN61663.1],[gene=None],[protein=adenine glycosylase]
[locus_tag=WB44_11845],[protein_id=AKN61666.1],[gene=None],[protein=hypothetical protein]
[locus_tag=WB44_11850],[protein_id=AKN61667.1],[gene=None],[protein=hypothetical protein]
[locus_tag=WB44_11855],[protein_id=AKN61668.1],[gene=None],[protein=(2Fe-2S)-binding protein]
[locus_tag=WB44_11865],[protein_id=AKN61669.1],[gene=None],[protein=hypothetical protein]
[locus_tag=WB44_11875],[protein_id=AKN61671.1],[gene=None],[protein=hypothetical protein]
[locus_tag=WB44_11880],[protein_id=AKN61672.1],[gene=None],[protein=Na+/pantothenate symporter PanF]
[locus_tag=WB44_11920],[protein_id=AKN61680.1],[gene=None],[protein=ABC transporter substrate-binding protein]
[locus_tag=WB44_11940],[protein_id=AKN61684.1],[gene=None],[protein=hypothetical protein]
[locus_tag=WB44_11945],[protein_id=AKN61685.1],[gene=None],[protein=hypothetical protein]
[locus_tag=WB44_11950],[protein_id=AKN61686.1],[gene=None],[protein=methyltransferase]
[locus_tag=WB44_11955],[protein_id=AKN62413.1],[gene=None],[protein=sulfatase maturase]
[locus_tag=WB44_11960],[protein_id=AKN61687.1],[gene=None],[protein=serine/threonine protein kinase]
[locus_tag=WB44_11985],[protein_id=AKN61692.1],[gene=None],[protein=hypothetical protein]
[locus_tag=WB44_11990],[protein_id=AKN61693.1],[gene=None],[protein=CotB protein]
[locus_tag=WB44_12030],[protein_id=AKN61701.1],[gene=None],[protein=hypothetical protein]
[locus_tag=WB44_12050],[protein_id=AKN61705.1],[gene=None],[protein=hypothetical protein]
[locus_tag=WB44_12055],[protein_id=AKN61706.1],[gene=None],[protein=hypothetical protein]
[locus_tag=WB44_12065],[protein_id=AKN61708.1],[gene=None],[protein=hypothetical protein]
[locus_tag=WB44_12070],[protein_id=AKN61709.1],[gene=None],[protein=hypothetical protein]
[locus_tag=WB44_12075],[protein_id=AKN61710.1],[gene=None],[protein=hypothetical protein]
[locus_tag=WB44_12080],[protein_id=AKN61711.1],[gene=None],[protein=hypothetical protein]
[locus_tag=WB44_12090],[protein_id=AKN61713.1],[gene=None],[protein=hypothetical protein]
[locus_tag=WB44_12100],[protein_id=AKN61715.1],[gene=None],[protein=hypothetical protein]
[locus_tag=WB44_12110],[protein_id=AKN61716.1],[gene=None],[protein=hypothetical protein]
[locus_tag=WB44_12145],[protein_id=AKN61722.1],[gene=None],[protein=potassium channel protein]
[locus_tag=WB44_12160],[protein_id=AKN61724.1],[gene=None],[protein=hypothetical protein]
[locus_tag=WB44_12165],[protein_id=AKN61725.1],[gene=None],[protein=hypothetical protein]
[locus_tag=WB44_12170],[protein_id=AKN61726.1],[gene=None],[protein=hypothetical protein]
[locus_tag=WB44_12175],[protein_id=AKN61727.1],[gene=None],[protein=hypothetical protein]
[locus_tag=WB44_12185],[protein_id=AKN61728.1],[gene=None],[protein=mechanosensitive ion channel protein MscL]
[locus_tag=WB44_12195],[protein_id=AKN61730.1],[gene=None],[protein=hypothetical protein]
[locus_tag=WB44_12210],[protein_id=AKN61732.1],[gene=None],[protein=hypothetical protein]
[locus_tag=WB44_12225],[protein_id=AKN62417.1],[gene=None],[protein=glycolate oxidase]
[locus_tag=WB44_12235],[protein_id=AKN61735.1],[gene=None],[protein=glyoxalase]
[locus_tag=WB44_12240],[protein_id=AKN61736.1],[gene=None],[protein=glycolate oxidase]
[locus_tag=WB44_12245],[protein_id=AKN61737.1],[gene=None],[protein=hypothetical protein]
[locus_tag=WB44_12265],[protein_id=AKN61741.1],[gene=None],[protein=glycosyltransferase]
[locus_tag=WB44_12275],[protein_id=AKN61743.1],[gene=None],[protein=glycosyl transferase]
[locus_tag=WB44_12295],[protein_id=AKN62418.1],[gene=None],[protein=2-dehydro-3-deoxyphosphooctonate aldolase]
[locus_tag=WB44_12300],[protein_id=AKN61747.1],[gene=None],[protein=hypothetical protein]
[locus_tag=WB44_12305],[protein_id=AKN61748.1],[gene=None],[protein=3-deoxy-manno-octulosonate cytidylyltransferase]
[locus_tag=WB44_12310],[protein_id=AKN61749.1],[gene=None],[protein=hypothetical protein]
[locus_tag=WB44_12320],[protein_id=AKN61751.1],[gene=None],[protein=phosphatase]
[locus_tag=WB44_12325],[protein_id=AKN62419.1],[gene=None],[protein=hypothetical protein]
[locus_tag=WB44_12340],[protein_id=AKN61753.1],[gene=None],[protein=hypothetical protein]
[locus_tag=WB44_12460],[protein_id=AKN62429.1],[gene=None],[protein=hypothetical protein]
[locus_tag=WB44_12465],[protein_id=AKN61768.1],[gene=None],[protein=DNA polymerase]
[locus_tag=WB44_12480],[protein_id=AKN62430.1],[gene=None],[protein=hypothetical protein]
[locus_tag=WB44_12495],[protein_id=AKN61771.1],[gene=None],[protein=hypothetical protein]
[locus_tag=WB44_12505],[protein_id=AKN61773.1],[gene=None],[protein=hypothetical protein]
[locus_tag=WB44_12515],[protein_id=AKN62433.1],[gene=None],[protein=hypothetical protein]
[locus_tag=WB44_12520],[protein_id=AKN61774.1],[gene=None],[protein=MFS transporter]
[locus_tag=WB44_12525],[protein_id=AKN61775.1],[gene=None],[protein=BCCT transporter]
[locus_tag=WB44_12530],[protein_id=AKN61776.1],[gene=None],[protein=sarcosine oxidase]
[locus_tag=WB44_12535],[protein_id=AKN62434.1],[gene=None],[protein=glutamate dehydrogenase]
[locus_tag=WB44_12540],[protein_id=AKN61777.1],[gene=None],[protein=SAM-dependent methyltransferase]
[locus_tag=WB44_12570],[protein_id=AKN61782.1],[gene=None],[protein=occludin/ELL family protein]
[locus_tag=WB44_12585],[protein_id=AKN62436.1],[gene=None],[protein=phosphorylase kinase]
[locus_tag=WB44_12590],[protein_id=AKN61785.1],[gene=None],[protein=glycosyl transferase]
[locus_tag=WB44_12610],[protein_id=AKN61789.1],[gene=None],[protein=hypothetical protein]
[locus_tag=WB44_12630],[protein_id=AKN61792.1],[gene=None],[protein=hypothetical protein]
[locus_tag=WB44_12635],[protein_id=AKN62438.1],[gene=None],[protein=hypothetical protein]
[locus_tag=WB44_12660],[protein_id=AKN62439.1],[gene=None],[protein=cytochrome C oxidase]
[locus_tag=WB44_12720],[protein_id=AKN61807.1],[gene=None],[protein=alpha-mannosidase]
[locus_tag=WB44_12765],[protein_id=AKN61816.1],[gene=None],[protein=ribonuclease PH]
[locus_tag=WB44_12780],[protein_id=AKN61819.1],[gene=None],[protein=thymidylate synthase]
[locus_tag=WB44_12790],[protein_id=AKN61821.1],[gene=None],[protein=hypothetical protein]
[locus_tag=WB44_12795],[protein_id=AKN61822.1],[gene=None],[protein=lytic transglycosylase]
[locus_tag=WB44_12800],[protein_id=AKN61823.1],[gene=None],[protein=hypothetical protein]
[locus_tag=WB44_12810],[protein_id=AKN61825.1],[gene=None],[protein=N-acetylglucosamine kinase]
[locus_tag=WB44_12815],[protein_id=AKN61826.1],[gene=None],[protein=bicarbonate transporter]
[locus_tag=WB44_12825],[protein_id=AKN61828.1],[gene=None],[protein=hypothetical protein]
[locus_tag=WB44_12835],[protein_id=AKN61830.1],[gene=None],[protein=hypothetical protein]
[locus_tag=WB44_12870],[protein_id=AKN61836.1],[gene=None],[protein=transporter]
[locus_tag=WB44_12900],[protein_id=AKN62440.1],[gene=None],[protein=hypothetical protein]
[locus_tag=WB44_12945],[protein_id=AKN61848.1],[gene=None],[protein=hypothetical protein]
[locus_tag=WB44_12950],[protein_id=AKN61849.1],[gene=None],[protein=hypothetical protein]
[locus_tag=WB44_12970],[protein_id=AKN61853.1],[gene=None],[protein=SAM-dependent methyltransferase]
[locus_tag=WB44_12985],[protein_id=AKN62441.1],[gene=None],[protein=glycine/betaine ABC transporter substrate-binding protein]
[locus_tag=WB44_13015],[protein_id=AKN62443.1],[gene=None],[protein=membrane protein]
[locus_tag=WB44_13045],[protein_id=AKN61864.1],[gene=None],[protein=nitrogen fixation protein NifB]
[locus_tag=WB44_13110],[protein_id=AKN61875.1],[gene=None],[protein=hypothetical protein]
[locus_tag=WB44_13140],[protein_id=AKN61878.1],[gene=None],[protein=hypothetical protein]
[locus_tag=WB44_13155],[protein_id=AKN61881.1],[gene=None],[protein=cupin]
[locus_tag=WB44_13165],[protein_id=AKN61883.1],[gene=None],[protein=RND transporter]
[locus_tag=WB44_13180],[protein_id=AKN61885.1],[gene=None],[protein=hypothetical protein]
[locus_tag=WB44_13200],[protein_id=AKN61889.1],[gene=None],[protein=hypothetical protein]
[locus_tag=WB44_13205],[protein_id=AKN61890.1],[gene=None],[protein=hypothetical protein]
[locus_tag=WB44_13380],[protein_id=AKN61924.1],[gene=None],[protein=ATPase AAA]
[locus_tag=WB44_13400],[protein_id=AKN61927.1],[gene=None],[protein=hypothetical protein]
[locus_tag=WB44_13440],[protein_id=AKN62452.1],[gene=None],[protein=hypothetical protein]
[locus_tag=WB44_13460],[protein_id=AKN61935.1],[gene=None],[protein=glutamate decarboxylase]
[locus_tag=WB44_13525],[protein_id=AKN61946.1],[gene=None],[protein=N-acetylmuramoyl-L-alanine amidase]
[locus_tag=WB44_13535],[protein_id=AKN61948.1],[gene=None],[protein=Pex protein]
[locus_tag=WB44_13560],[protein_id=AKN61951.1],[gene=None],[protein=potassium transporter Kef]
[locus_tag=WB44_13565],[protein_id=AKN61952.1],[gene=None],[protein=hypothetical protein]
[locus_tag=WB44_13590],[protein_id=AKN61957.1],[gene=None],[protein=hypothetical protein]
[locus_tag=WB44_13595],[protein_id=AKN61958.1],[gene=None],[protein=lipoprotein]
[locus_tag=WB44_13610],[protein_id=AKN61961.1],[gene=None],[protein=glycosyl transferase family 2]
[locus_tag=WB44_13615],[protein_id=AKN61962.1],[gene=None],[protein=glycosyl transferase family 2]
[locus_tag=WB44_13620],[protein_id=AKN61963.1],[gene=None],[protein=chorismate-binding protein]
[locus_tag=WB44_13625],[protein_id=AKN61964.1],[gene=None],[protein=phycocyanin]
[locus_tag=WB44_13650],[protein_id=AKN62456.1],[gene=None],[protein=hypothetical protein]
[locus_tag=WB44_13660],[protein_id=AKN61970.1],[gene=None],[protein=bleomycin hydrolase]
[locus_tag=WB44_13665],[protein_id=AKN61971.1],[gene=None],[protein=glycosyltransferase]
[locus_tag=WB44_13670],[protein_id=AKN61972.1],[gene=None],[protein=hypothetical protein]
[locus_tag=WB44_13675],[protein_id=AKN61973.1],[gene=None],[protein=hypothetical protein]
[locus_tag=WB44_13680],[protein_id=AKN62457.1],[gene=None],[protein=glycosyltransferase]
[locus_tag=WB44_13685],[protein_id=AKN61974.1],[gene=None],[protein=glycosyltransferase]
[locus_tag=WB44_13690],[protein_id=AKN61975.1],[gene=None],"[protein=phycoerythrin class 2 subunit gamma, linker polypeptide]"
[locus_tag=WB44_13705],[protein_id=AKN61978.1],[gene=None],[protein=bilin biosynthesis protein CpeY]
[locus_tag=WB44_13710],[protein_id=AKN61979.1],[gene=None],[protein=hypothetical protein]
[locus_tag=WB44_13715],[protein_id=AKN61980.1],[gene=None],[protein=hypothetical protein]
[locus_tag=WB44_13720],[protein_id=AKN61981.1],[gene=None],[protein=chorismate-binding protein]
[locus_tag=WB44_13730],[protein_id=AKN61983.1],[gene=None],[protein=hypothetical protein]
[locus_tag=WB44_13735],[protein_id=AKN61984.1],[gene=None],[protein=phycobilisome linker polypeptide]
[locus_tag=WB44_13740],[protein_id=AKN61985.1],[gene=None],[protein=photosystem I reaction center subunit XII]
[locus_tag=WB44_13750],[protein_id=AKN61987.1],[gene=None],[protein=phycobilisome Linker polypeptide]
[locus_tag=WB44_13755],[protein_id=AKN61988.1],[gene=None],[protein=hypothetical protein]
[locus_tag=WB44_13765],[protein_id=AKN61989.1],[gene=None],[protein=hypothetical protein]
[locus_tag=WB44_13770],[protein_id=AKN61990.1],[gene=None],[protein=hypothetical protein]
[locus_tag=WB44_13780],[protein_id=AKN61992.1],[gene=None],[protein=hypothetical protein]
[locus_tag=WB44_13785],[protein_id=AKN61993.1],[gene=None],[protein=hypothetical protein]
[locus_tag=WB44_13795],[protein_id=AKN61994.1],[gene=None],[protein=glycosyltransferase]
[locus_tag=WB44_13815],[protein_id=AKN61998.1],[gene=None],[protein=HAD family hydrolase]
[locus_tag=WB44_13850],[protein_id=AKN62005.1],[gene=None],[protein=universal stress protein UspA]
[locus_tag=WB44_13860],[protein_id=AKN62006.1],[gene=None],[protein=DNA-binding protein]
