PMN2A_1328,AAZ58817.1,None,"DNA polymerase III, beta subunit"
PMN2A_1329,AAZ58818.1,None,RNA metabolism-related protein
PMN2A_1330,AAZ58819.1,None,phosphoribosylformylglycinamidine synthase subunit II
PMN2A_1331,AAZ58820.1,None,amidophosphoribosyltransferase
PMN2A_1332,AAZ58821.1,None,DNA topoisomerase IV subunit A
PMN2A_1333,AAZ58822.1,None,TPR repeat
PMN2A_1334,AAZ58823.1,None,conserved hypothetical protein
PMN2A_1335,AAZ58824.1,None,uncharacterized conserved membrane protein
PMN2A_1336,AAZ58825.1,None,antitermination protein NusB
PMN2A_1337,AAZ58826.1,None,signal recognition particle-docking protein FtsY
PMN2A_1338,AAZ58827.1,None,serine phosphatase
PMN2A_1339,AAZ58828.1,None,argininosuccinate lyase
PMN2A_1340,AAZ58829.1,None,RNA-binding region RNP-1 (RNA recognition motif)
PMN2A_1341,AAZ58830.1,None,"tRNA-U16,U17-dihydrouridine synthase"
PMN2A_1342,AAZ58831.1,None,methionine sulfoxide reductase B
PMN2A_1343,AAZ58832.1,None,"molecular chaperone GrpE, heat shock protein"
PMN2A_1344,AAZ58833.1,None,Heat shock protein DnaJ
PMN2A_1346,AAZ58835.1,None,GTPase EngC
PMN2A_1347,AAZ58836.1,None,Conserved hypothetical protein 103
PMN2A_1348,AAZ58837.1,None,UDP-N-acetylmuramate dehydrogenase
PMN2A_1349,AAZ58838.1,None,UDP-N-acetylmuramate--L-alanine ligase
PMN2A_1350,AAZ58839.1,None,glyceraldehyde 3-phosphate dehydrogenase (NADP+)
PMN2A_1351,AAZ58840.1,None,thiamine-phosphate kinase
PMN2A_1352,AAZ58841.1,None,peptidyl-prolyl cis-trans isomerase
PMN2A_1353,AAZ58842.1,None,translation elongation factor P (EF-P)
PMN2A_1354,AAZ58843.1,None,biotin carboxyl carrier protein
PMN2A_1355,AAZ58844.1,None,4-hydroxythreonine-4-phosphate dehydrogenase
PMN2A_1356,AAZ58845.1,None,NAD dependent epimerase/dehydratase
PMN2A_1358,AAZ58847.1,None,HNH nuclease
PMN2A_1359,AAZ58848.1,None,conserved hypothetical protein
PMN2A_1361,AAZ58850.1,None,serine-pyruvate/aspartate aminotransferase related enzyme
PMN2A_1362,AAZ58851.1,None,cobalamin (vitamin B12) biosynthesis CbiD protein
PMN2A_1363,AAZ58852.1,None,GMP synthase (glutamine-hydrolyzing)
PMN2A_1364,AAZ58853.1,None,SAM (and some other nucleotide) binding motif:TPR repeat
PMN2A_1368,AAZ58856.1,None,kef-type K+ transport system predicted NAD-binding component
PMN2A_1371,AAZ58859.1,None,membrane protein
PMN2A_1372,AAZ58860.1,None,conserved hypothetical protein
PMN2A_1373,AAZ58861.1,None,peptidoglycan glycosyltransferase
PMN2A_1374,AAZ58862.1,None,flavoprotein
PMN2A_1375,AAZ58863.1,None,flavodoxin:flavin reductase-like domain
PMN2A_1376,AAZ58864.1,None,metallo-beta-lactamase superfamily:flavin reductase-like domain
PMN2A_1377,AAZ58865.1,None,alanyl-tRNA synthetase
PMN2A_1378,AAZ58866.1,None,arginine decarboxylase
PMN2A_1379,AAZ58867.1,None,nucleoside diphosphate kinase
PMN2A_1380,AAZ58868.1,None,glycine/D-amino acid oxidase family enzyme
PMN2A_1381,AAZ58869.1,None,aspartyl/glutamyl-tRNA(Asn/Gln) amidotransferase subunit B
PMN2A_1382,AAZ58870.1,None,dephospho-CoA kinase
PMN2A_1383,AAZ58871.1,None,N-acetylglutamate synthase / glutamate N-acetyltransferase
PMN2A_1390,AAZ58878.1,None,cyanase
PMN2A_1399,AAZ58887.1,None,conserved hypothetical protein
PMN2A_1402,AAZ58890.1,None,conserved hypothetical protein
PMN2A_1408,AAZ58896.1,None,short-chain dehydrogenase/reductase family enzyme
PMN2A_1411,AAZ58899.1,None,ATPase
PMN2A_1414,AAZ58902.1,None,conserved hypothetical protein
PMN2A_1415,AAZ58903.1,None,putative RNA methylase family UPF0020
PMN2A_1416,AAZ58904.1,None,membrane protein
PMN2A_1417,AAZ58905.1,None,conserved hypothetical protein
PMN2A_1419,AAZ58907.1,None,conserved hypothetical protein
PMN2A_1420,AAZ58908.1,None,condensin subunit Smc
PMN2A_1421,AAZ58909.1,None,protein implicated in RNA metabolism (PRC-barrel domain)
PMN2A_1422,AAZ58910.1,None,cyanobacteria-specific protein related to lipid A disaccharide synthetase
PMN2A_1423,AAZ58911.1,None,"acetyl-CoA carboxylase, biotin carboxylase"
PMN2A_1424,AAZ58912.1,None,"YGGT family, conserved hypothetical protein integral membrane protein"
PMN2A_1426,AAZ58914.1,None,conserved hypothetical protein
PMN2A_1427,AAZ58915.1,None,high light inducible protein hli5
PMN2A_1428,AAZ58916.1,None,ATPase
PMN2A_1430,AAZ58918.1,None,HIT family hydrolase
PMN2A_1431,AAZ58919.1,None,peptide deformylase
PMN2A_1432,AAZ58920.1,None,dienelactone hydrolase
PMN2A_1433,AAZ58921.1,None,cysteine desulfurase
PMN2A_1434,AAZ58922.1,None,ABC-type transport system involved in Fe-S cluster assembly permease component
PMN2A_1435,AAZ58923.1,None,FeS assembly ATPase SufC
PMN2A_1436,AAZ58924.1,None,Iron-regulated ABC transporter membrane component SufB
PMN2A_1437,AAZ58925.1,None,conserved hypothetical protein
PMN2A_1438,AAZ58926.1,None,conserved hypothetical protein
PMN2A_1439,AAZ58927.1,None,membrane protein
PMN2A_1440,AAZ58928.1,None,phosphoglucomutase
PMN2A_1441,AAZ58929.1,None,Recombination protein MgsA
PMN2A_1443,AAZ58931.1,None,putative bacterioferritin comigratory (BCP) protein
PMN2A_1444,AAZ58932.1,None,bordetella pertussis Bvg accessory factor
PMN2A_1445,AAZ58933.1,None,phosphoadenylylsulfate reductase (thioredoxin)
PMN2A_1446,AAZ58934.1,None,"NADH dehydrogenase, FAD-containing subunit"
PMN2A_1447,AAZ58935.1,None,di/tricarboxylate transporter
PMN2A_1448,AAZ58936.1,None,"trk-type K+ transport system, membrane component"
PMN2A_1449,AAZ58937.1,None,"K+ transport system, NAD-binding component"
PMN2A_1450,AAZ58938.1,None,"conserved hypothetical protein, transport associated"
PMN2A_1451,AAZ58939.1,None,conserved hypothetical protein
PMN2A_1452,AAZ58940.1,None,membrane protein
PMN2A_1453,AAZ58941.1,None,conserved hypothetical protein
PMN2A_1455,AAZ58943.1,None,ATPase
PMN2A_1456,AAZ58944.1,None,PDZ/DHR/GLGF protein
PMN2A_1457,AAZ58945.1,None,uncharacterized membrane protein
PMN2A_1458,AAZ58946.1,None,conserved hypothetical protein
PMN2A_1459,AAZ58947.1,None,possible high light inducible protein
PMN2A_1460,AAZ58948.1,None,Exodeoxyribonuclease VII large subunit
PMN2A_1463,AAZ58951.1,None,putative serum resistance locus BrkB
PMN2A_1464,AAZ58952.1,None,inositol monophosphatase family protein
PMN2A_1465,AAZ58953.1,None,outer membrane efflux protein
PMN2A_1466,AAZ58954.1,None,possible Fe-S oxidoreductase
PMN2A_1467,AAZ58955.1,None,uncharacterized membrane protein
PMN2A_1468,AAZ58956.1,None,L-aspartate oxidase
PMN2A_1469,AAZ58957.1,None,thioredoxin domain 2
PMN2A_1471,AAZ58959.1,None,dihydropteroate synthase
PMN2A_1473,AAZ58961.1,None,conserved hypothetical protein
PMN2A_1474,AAZ58962.1,None,pyrimidine reductase
PMN2A_1475,AAZ58963.1,None,6-pyruvoyl-tetrahydropterin synthase-like protein
PMN2A_1476,AAZ58964.1,None,shikimate kinase
PMN2A_1909,ABU23847.1,None,conserved hypothetical protein
PMN2A_1477,AAZ58965.1,None,conserved hypothetical protein
PMN2A_1478,AAZ58966.1,None,glutathione S-transferase zeta class
PMN2A_1480,AAZ58968.1,None,ribosome-binding factor A
PMN2A_1481,AAZ58969.1,None,beta-N-acetylhexosaminidase
PMN2A_1482,AAZ58970.1,None,uroporphyrinogen-III synthase
PMN2A_1483,AAZ58971.1,None,oligoketide cyclase/lipid transport protein-like protein
PMN2A_1484,AAZ58972.1,None,zeta-carotene desaturase
PMN2A_1485,AAZ58973.1,None,HesB/YadR/YfhF
PMN2A_1486,AAZ58974.1,None,"TPR-repeat protein, specific for cyanobacteria"
PMN2A_1487,AAZ58975.1,None,Conserved hypothetical protein YfcH
PMN2A_1488,AAZ58976.1,None,conserved hypothetical protein
PMN2A_1489,AAZ58977.1,None,"Heat shock protein DnaJ, N-terminal protein"
PMN2A_1490,AAZ58978.1,None,cysteine synthase
PMN2A_1492,AAZ58980.1,None,conserved hypothetical protein in cyanobacteria
PMN2A_1493,AAZ58981.1,None,ATPase
PMN2A_1494,AAZ58982.1,None,"two component transcriptional regulator, winged helix family"
PMN2A_1495,AAZ58983.1,None,"DNA polymerase III, delta prime subunit"
PMN2A_1496,AAZ58984.1,None,thymidylate kinase
PMN2A_1497,AAZ58985.1,None,"ATPase, E1-E2 type:Copper-translocating P-type ATPase:Heavy metal translocating P-type ATPase"
PMN2A_1498,AAZ58986.1,None,TPR repeat
PMN2A_1499,AAZ58987.1,None,DNA repair protein RadA
PMN2A_1500,AAZ58988.1,None,"two component transcriptional regulator, winged helix family"
PMN2A_1501,AAZ58989.1,None,phosphate:acyl-[acyl carrier protein
PMN2A_1502,AAZ58990.1,None,3-oxoacyl-[acyl-carrier-protein
PMN2A_1503,AAZ58991.1,None,Malonyl CoA-acyl carrier protein transacylase
PMN2A_1504,AAZ58992.1,None,1-acyl-sn-glycerol-3-phosphate acyltransferase
PMN2A_1505,AAZ58993.1,None,inactive putative metal-dependent protease
PMN2A_1506,AAZ58994.1,None,putative Ycf34
PMN2A_1507,AAZ58995.1,None,tRNA nucleotidyltransferase/poly(A) polymerase
PMN2A_1508,AAZ58996.1,None,RNA-binding region RNP-1 (RNA recognition motif)
PMN2A_1509,AAZ58997.1,None,phytoene synthase
PMN2A_1510,AAZ58998.1,None,zeta-carotene desaturase / three-step phytoene desaturase
PMN2A_1511,AAZ58999.1,None,NADH dehydrogenase I subunit M
PMN2A_1512,AAZ59000.1,None,conserved hypothetical protein
PMN2A_1513,AAZ59001.1,None,RuBisCO operon transcriptional regulator
PMN2A_1514,AAZ59002.1,None,conserved NnrU/NnuR ortholog membrane enzyme
PMN2A_1515,AAZ59003.1,None,NADH dehydrogenase subunit L
PMN2A_1516,AAZ59004.1,None,NADH dehydrogenase subunit M
PMN2A_1517,AAZ59005.1,None,conserved hypothetical protein
PMN2A_1518,AAZ59006.1,None,putative sugar-phosphate nucleotidyl transferase
PMN2A_1519,AAZ59007.1,None,conserved hyopthetical protein
PMN2A_1520,AAZ59008.1,None,"regulatory protein, LuxR"
PMN2A_1522,AAZ59010.1,None,conserved hypothetical protein
PMN2A_1523,AAZ59011.1,None,NAD(+) kinase
PMN2A_1524,AAZ59012.1,None,NADH dehydrogenase subunit K
PMN2A_1525,AAZ59013.1,None,NADH dehydrogenase subunit J
PMN2A_1526,AAZ59014.1,None,"NADH-plastoquinone oxidoreductase, subunit I:NADH-quinone oxidoreductase, chain I"
PMN2A_1527,AAZ59015.1,None,NADH dehydrogenase subunit H
PMN2A_1528,AAZ59016.1,None,citrate synthase
PMN2A_1529,AAZ59017.1,None,hypothetical protein
PMN2A_1530,AAZ59018.1,None,rhodanese-like protein
PMN2A_1531,AAZ59019.1,None,"tryptophan synthase, beta chain"
PMN2A_1532,AAZ59020.1,None,translation initiation factor 1 (eIF-1/SUI1)
PMN2A_1533,AAZ59021.1,None,adenylylsulfate kinase
PMN2A_1534,AAZ59022.1,None,5-(carboxyamino)imidazole ribonucleotide mutase
PMN2A_1535,AAZ59023.1,None,N-acetylglucosamine 6-phosphate deacetylase
PMN2A_1536,AAZ59024.1,None,Mg-protoporphyrin IX methyltransferase
PMN2A_1537,AAZ59025.1,None,"two component transcriptional regulator, LuxR family"
PMN2A_1538,AAZ59026.1,None,NifS-like aminotransferase class-V
PMN2A_1539,AAZ59027.1,None,bacterial methyltransferase
PMN2A_1540,AAZ59028.1,None,NADH dehydrogenase subunit D
PMN2A_1541,AAZ59029.1,None,conserved hypothetical protein
PMN2A_1542,AAZ59030.1,None,O-succinylbenzoate--CoA ligase
PMN2A_1543,AAZ59031.1,None,O-succinylbenzoate-CoA synthase
PMN2A_1544,AAZ59032.1,None,"1,4-dihydroxy-2-naphthoate phytyltransferase"
PMN2A_1545,AAZ59033.1,None,isochorismate synthase
PMN2A_1546,AAZ59034.1,None,glutathione synthase
PMN2A_1547,AAZ59035.1,None,"glutaredoxin, GrxC"
PMN2A_1548,AAZ59036.1,None,bacterial peptide chain release factor 2 (bRF-2)
PMN2A_1549,AAZ59037.1,None,conserved hypothetical protein
PMN2A_1550,AAZ59038.1,None,Protein of unknown function UPF0054
PMN2A_1551,AAZ59039.1,None,prokaryotic diacylglycerol kinase
PMN2A_1552,AAZ59040.1,None,"anthranilate synthase, component II"
PMN2A_1553,AAZ59041.1,None,histidinol phosphate aminotransferase apoenzyme
PMN2A_1554,AAZ59042.1,None,arginyl-tRNA synthetase
PMN2A_1555,AAZ59043.1,None,nicotinate-nucleotide pyrophosphorylase (carboxylating)
PMN2A_1556,AAZ59044.1,None,tRNA modification GTPase trmE
PMN2A_1557,AAZ59045.1,None,conserved hypothetical protein
PMN2A_1558,AAZ59046.1,None,metal dependent phosphohydrolase
PMN2A_1559,AAZ59047.1,None,ATPase
PMN2A_1560,AAZ59048.1,None,ribosomal large subunit pseudouridine synthase D
PMN2A_1561,AAZ59049.1,None,Ras superfamily GTP-binding protein YlqF
PMN2A_1562,AAZ59050.1,None,phosphoglycerate kinase
PMN2A_1563,AAZ59051.1,None,conserved hypothetical protein
PMN2A_1564,AAZ59052.1,None,UDP-N-acetylglucosamine--N-acetylmuramyl-(pentapeptide) pyrophosphoryl-undecaprenol N-acetylglucosamine transferase
PMN2A_1565,AAZ59053.1,None,L-threonine O-3-phosphate decarboxylase
PMN2A_1566,AAZ59054.1,None,dihydroorotate oxidase A
PMN2A_1567,AAZ59055.1,None,possible ribonuclease HI
PMN2A_1568,AAZ59056.1,None,LSU ribosomal protein L12P
PMN2A_1569,AAZ59057.1,None,LSU ribosomal protein L10P
PMN2A_1570,AAZ59058.1,None,LSU ribosomal protein L1P
PMN2A_1571,AAZ59059.1,None,LSU ribosomal protein L11P
PMN2A_1572,AAZ59060.1,None,transcription antitermination protein nusG
PMN2A_1573,AAZ59061.1,None,protein translocase subunit secE/sec61 gamma
PMN2A_1574,AAZ59062.1,None,ATPase
PMN2A_1575,AAZ59063.1,None,enolase
PMN2A_1576,AAZ59064.1,None,protein kinase
PMN2A_1577,AAZ59065.1,None,conserved hypothetical protein
PMN2A_1578,AAZ59066.1,None,thioredoxin-disulfide reductase
PMN2A_1581,AAZ59069.1,None,putative sulfate transporter
PMN2A_1582,AAZ59070.1,None,"Heat shock protein DnaJ, N-terminal protein"
PMN2A_1583,AAZ59071.1,None,porphobilinogen synthase
PMN2A_1584,AAZ59072.1,None,"lactoylglutathione lyase/catechol 2,3-dioxygenase related enzyme"
PMN2A_1585,AAZ59073.1,None,MutS 2 protein
PMN2A_1586,AAZ59074.1,None,GTPase
PMN2A_1588,AAZ59076.1,None,conserved hypothetical protein
PMN2A_1589,AAZ59077.1,None,conserved hypothetical membrane protein
PMN2A_1590,AAZ59078.1,None,conserved hypothetical protein
PMN2A_1591,AAZ59079.1,None,aspartoacylase
PMN2A_1592,AAZ59080.1,None,Photosystem II reaction centre protein PsbA/D1
PMN2A_1593,AAZ59081.1,None,chorismate synthase
PMN2A_1594,AAZ59082.1,None,2-keto-3-deoxy-phosphogluconate aldolase
PMN2A_1595,AAZ59083.1,None,membrane protease FtsH catalytic subunit
PMN2A_1596,AAZ59084.1,None,sulfate adenylyltransferase
PMN2A_1597,AAZ59085.1,None,photosystem II manganese-stabilizing protein PsbO
PMN2A_1598,AAZ59086.1,None,Phosphopantothenate-cysteine ligase / Phosphopantothenoylcysteine decarboxylase
PMN2A_1599,AAZ59087.1,None,uncharacterized secreted or membrane protein
PMN2A_1600,AAZ59088.1,None,aspartate carbamoyltransferase
PMN2A_1601,AAZ59089.1,None,methylpurine-DNA glycosylase (MPG)
PMN2A_1602,AAZ59090.1,None,aspartyl/glutamyl-tRNA(Asn/Gln) amidotransferase subunit C
PMN2A_1603,AAZ59091.1,None,beta-carotene hydroxylase
PMN2A_1604,AAZ59092.1,None,conserved hypothetical protein
PMN2A_1605,AAZ59093.1,None,Isoleucyl-tRNA synthetase
PMN2A_1606,AAZ59094.1,None,uncharacterized membrane protein
PMN2A_1607,AAZ59095.1,None,tRNA (guanine-N(7)-)-methyltransferase
PMN2A_1608,AAZ59096.1,None,thioredoxin-like protein TxlA
PMN2A_1610,AAZ59098.1,None,deoxycytidine triphosphate deaminase
PMN2A_1611,AAZ59099.1,None,"cob(I)yrinic acid a,c-diamide adenosyltransferase"
PMN2A_1612,AAZ59100.1,None,"transcriptional regulator, Crp/Fnr family"
PMN2A_1613,AAZ59101.1,None,uncharacterized conserved membrane protein
PMN2A_1614,AAZ59102.1,None,conserved hypothetical protein
PMN2A_1615,AAZ59103.1,None,conserved hypothetical protein
PMN2A_1616,AAZ59104.1,None,peptidyl-tRNA hydrolase
PMN2A_1617,AAZ59105.1,None,Twin-arginine translocation protein TatA/E
PMN2A_1620,AAZ59108.1,None,repeats containing protein
PMN2A_1621,AAZ59109.1,None,"3-isopropylmalate dehydratase, small subunit"
PMN2A_1622,AAZ59110.1,None,"3-isopropylmalate dehydratase, large subunit"
PMN2A_1623,AAZ59111.1,None,competence/damage-inducible protein cinA
PMN2A_1624,AAZ59112.1,None,serine hydroxymethyltransferase
PMN2A_1625,AAZ59113.1,None,conserved hypothetical protein
PMN2A_1626,AAZ59114.1,None,conserved hypothetical protein
PMN2A_1627,AAZ59115.1,None,virulence factor MVIN-like protein
PMN2A_1628,AAZ59116.1,None,Sugar fermentation stimulation protein
PMN2A_1629,AAZ59117.1,None,ammonium transporter
PMN2A_1630,AAZ59118.1,None,LytB protein
PMN2A_1632,AAZ59120.1,None,IMP cyclohydrolase / phosphoribosylaminoimidazolecarboxamide formyltransferase
PMN2A_1633,AAZ59121.1,None,esterase
PMN2A_1634,AAZ59122.1,None,conserved hypothetical protein
PMN2A_1635,AAZ59123.1,None,signal transduction histidine kinase
PMN2A_1636,AAZ59124.1,None,cobalamin-5'-phosphate synthase
PMN2A_1637,AAZ59125.1,None,tRNA-guanine transglycosylase
PMN2A_1639,AAZ59127.1,None,dehydrogenase
PMN2A_1640,AAZ59128.1,None,conserved hypothetical protein
PMN2A_1641,AAZ59129.1,None,orotate phosphoribosyltransferase
PMN2A_1642,AAZ59130.1,None,conserved hypothetical protein
PMN2A_1643,AAZ59131.1,None,"DNA repair enzyme, contains HhH domain and nuclease of RecB family"
PMN2A_1644,AAZ59132.1,None,phosphomannomutase
PMN2A_1645,AAZ59133.1,None,Ham1-like protein
PMN2A_1646,AAZ59134.1,None,"lignostilbene-alpha, beta-dioxygenase"
PMN2A_1647,AAZ59135.1,None,imidazoleglycerol-phosphate dehydratase
PMN2A_1648,AAZ59136.1,None,Enoyl-[acyl-carrier-protein
PMN2A_1649,AAZ59137.1,None,conserved hypothetical protein
PMN2A_1650,AAZ59138.1,None,DegT/DnrJ/EryC1/StrS aminotransferase family enzyme
PMN2A_1651,AAZ59139.1,None,deoxyribodipyrimidine photo-lyase type I
PMN2A_1652,AAZ59140.1,None,NUDIX hydrolase
PMN2A_1654,AAZ59142.1,None,protoporphyrin IX magnesium-chelatase
PMN2A_1655,AAZ59143.1,None,ABC-type transport system involved in resistance to organic solvents periplasmic component
PMN2A_1656,AAZ59144.1,None,ATPase
PMN2A_1657,AAZ59145.1,None,Conserved hypothetical protein CofD related protein
PMN2A_1658,AAZ59146.1,None,NADH dehydrogenase subunit C
PMN2A_1659,AAZ59147.1,None,NADH dehydrogenase subunit B
PMN2A_1660,AAZ59148.1,None,NADH dehydrogenase subunit A
PMN2A_1661,AAZ59149.1,None,rubredoxin
PMN2A_1662,AAZ59150.1,None,photosystem II stability/assembly factor
PMN2A_1663,AAZ59151.1,None,"cytochrome b559, alpha subunit"
PMN2A_1665,AAZ59153.1,None,photosystem II protein J PsbJ
PMN2A_1666,AAZ59154.1,None,methylthioadenosine phosphorylase
PMN2A_1668,AAZ59156.1,None,tRNA nucleotidyltransferase/poly(A) polymerase
PMN2A_1669,AAZ59157.1,None,"ATP-dependent DNA helicase, Rep family"
PMN2A_1670,AAZ59158.1,None,hypothetical protein
PMN2A_1671,AAZ59159.1,None,phycoerythrin class III beta chain CpeB
PMN2A_1672,AAZ59160.1,None,phycoerythrin class III alpha chain CpeA
PMN2A_1674,AAZ59162.1,None,PBS lyase HEAT-like repeat
PMN2A_1675,AAZ59163.1,None,possible bilin biosynthesis protein CpeY
PMN2A_1676,AAZ59164.1,None,CpeT protein-like protein
PMN2A_1677,AAZ59165.1,None,CpeS-like protein
PMN2A_1678,AAZ59166.1,None,phycoerythrin class III gamma chain
PMN2A_1679,AAZ59167.1,None,conserved hypothetical protein
PMN2A_1680,AAZ59168.1,None,putative nucleoside-diphosphate sugar epimerase
PMN2A_1681,AAZ59169.1,None,putative nucleotide sugar epimerase
PMN2A_1682,AAZ59170.1,None,conserved hypothetical protein
PMN2A_1683,AAZ59171.1,None,TPR repeat
PMN2A_1685,AAZ59173.1,None,conserved hypothetical protein
PMN2A_1686,AAZ59174.1,None,sugar kinase
PMN2A_1687,AAZ59175.1,None,methionine adenosyltransferase
PMN2A_1688,AAZ59176.1,None,haloacid dehalogenase/epoxide hydrolase family
PMN2A_1689,AAZ59177.1,None,SSU ribosomal protein S1P
PMN2A_1690,AAZ59178.1,None,Protein of unknown function DUF193
PMN2A_1691,AAZ59179.1,None,photosystem II PsbT protein
PMN2A_1692,AAZ59180.1,None,photosystem II PsbB protein (CP47)
PMN2A_1694,AAZ59182.1,None,thioesterase
PMN2A_1695,AAZ59183.1,None,modification methylase HemK
PMN2A_1696,AAZ59184.1,None,putative translation factor (SUA5)
PMN2A_1697,AAZ59185.1,None,cell division topological specificity factor MinE
PMN2A_1698,AAZ59186.1,None,septum site-determining protein MinD
PMN2A_1699,AAZ59187.1,None,septum site-determining protein MinC
PMN2A_1700,AAZ59188.1,None,metal dependent phosphohydrolase
PMN2A_1701,AAZ59189.1,None,"C-terminal processing peptidase-2, Serine peptidase, MEROPS family S41A"
PMN2A_1702,AAZ59190.1,None,cytochrome b6
PMN2A_1703,AAZ59191.1,None,PetD protein
PMN2A_1704,AAZ59192.1,None,putative neutral/alkaline invertase protein
PMN2A_1705,AAZ59193.1,None,DNA-(apurinic or apyrimidinic site) lyase / Formamidopyrimidine-DNA glycosylase
PMN2A_1706,AAZ59194.1,None,photosystem I subunit IV psaE
PMN2A_1707,AAZ59195.1,None,conserved hypothetical protein
PMN2A_1708,AAZ59196.1,None,peptidoglycan-binding LysM
PMN2A_1709,AAZ59197.1,None,putative aldehyde dehydrogenase
PMN2A_1711,AAZ59199.1,None,uncharacterized conserved membrane protein
PMN2A_1719,AAZ59207.1,None,TPR repeat
PMN2A_1721,AAZ59209.1,None,3-dehydroquinate dehydratase
PMN2A_1722,AAZ59210.1,None,probable hydroxylase for synthesis of 2-methylthio-cis-ribozeatin in tRNA
PMN2A_1723,AAZ59211.1,None,cobalt-factor II C20-methyltransferase / precorrin-2 C20-methyltransferase
PMN2A_1724,AAZ59212.1,None,Dihydrouridine synthase TIM-barrel protein nifR3
PMN2A_1726,AAZ59214.1,None,Small GTP-binding protein protein domain:GTP-binding protein
PMN2A_1727,AAZ59215.1,None,possible cobalt transport protein
PMN2A_1728,AAZ59216.1,None,conserved hypothetical protein
PMN2A_1729,AAZ59217.1,None,Protein of unknown function UPF0001
PMN2A_1730,AAZ59218.1,None,conserved hypothetical protein
PMN2A_1731,AAZ59219.1,None,pyrroline-5-carboxylate reductase
PMN2A_1732,AAZ59220.1,None,glycosyl transferases group 1
PMN2A_1733,AAZ59221.1,None,DNA replication and repair protein RecO
PMN2A_1734,AAZ59222.1,None,deoxyribose-phosphate aldolase
PMN2A_1735,AAZ59223.1,None,sigma 54 modulation protein / SSU ribosomal protein S30P
PMN2A_1736,AAZ59224.1,None,Lipoate-protein ligase B
PMN2A_1737,AAZ59225.1,None,long-chain acyl-CoA synthetase
PMN2A_1738,AAZ59226.1,None,conserved hypothetical protein
PMN2A_1739,AAZ59227.1,None,dihydrolipoamide S-acetyltransferase
PMN2A_1740,AAZ59228.1,None,S-adenosylmethionine:tRNA-ribosyltransferase- isomerase
PMN2A_1741,AAZ59229.1,None,cysteine synthase
PMN2A_1742,AAZ59230.1,None,cystathionine gamma-synthase
PMN2A_1743,AAZ59231.1,None,cystathionine gamma-synthase
PMN2A_1744,AAZ59232.1,None,SSU ribosomal protein S4P
PMN2A_1745,AAZ59233.1,None,Protein of unknown function DUF37
PMN2A_1746,AAZ59234.1,None,thioredoxin family protein
PMN2A_1747,AAZ59235.1,None,"UDP-N-acetylmuramoylalanyl-D-glutamate--2,6-diaminopimelate ligase"
PMN2A_1748,AAZ59236.1,None,L-cysteine/cystine lyase-like protein
PMN2A_1752,AAZ59240.1,None,NifU-like protein
PMN2A_1753,AAZ59241.1,None,malate:quinone-oxidoreductase
PMN2A_1754,AAZ59242.1,None,GTP-binding protein LepA
PMN2A_1755,AAZ59243.1,None,"putative ABC transporter, oligopeptides"
PMN2A_1756,AAZ59244.1,None,tRNA (guanosine-2'-O-)-methyltransferase
PMN2A_1757,AAZ59245.1,None,porin-like protein
PMN2A_1758,AAZ59246.1,None,"Fmu, rRNA SAM-dependent methyltransferase"
PMN2A_1759,AAZ59247.1,None,chlorophyll synthase
PMN2A_1760,AAZ59248.1,None,conserved hypothetical protein
PMN2A_1761,AAZ59249.1,None,imidazole glycerol phosphate synthase subunit hisF
PMN2A_1762,AAZ59250.1,None,demethylmenaquinone methyltransferase
PMN2A_1764,AAZ59252.1,None,putative chloroplast membrane-associated 30 kD protein
PMN2A_1765,AAZ59253.1,None,biotin--acetyl-CoA-carboxylase ligase
PMN2A_1766,AAZ59254.1,None,ATPase
PMN2A_1767,AAZ59255.1,None,NADH dehydrogenase subunit N
PMN2A_1768,AAZ59256.1,None,DNA topoisomerase I
PMN2A_1769,AAZ59257.1,None,conserved hypothetical protein
PMN2A_1770,AAZ59258.1,None,uncharacterized conserved membrane protein
PMN2A_1771,AAZ59259.1,None,Protein of unknown function DUF102
PMN2A_1772,AAZ59260.1,None,conserved hypothetical protein
PMN2A_1773,AAZ59261.1,None,Lumazine-binding protein
PMN2A_1774,AAZ59262.1,None,transcriptional regulator AbrB
PMN2A_1775,AAZ59263.1,None,cytochrome c oxidase subunit III
PMN2A_1776,AAZ59264.1,None,cytochrome-c oxidase
PMN2A_1777,AAZ59265.1,None,"putative cytochrome c oxidase, subunit II"
PMN2A_1778,AAZ59266.1,None,putative cytochrome c oxidase assembly protein
PMN2A_1779,AAZ59267.1,None,protoheme IX farnesyltransferase
PMN2A_1780,AAZ59268.1,None,ATPase
PMN2A_1781,AAZ59269.1,None,putative multidrug efflux ABC transporter
PMN2A_1783,AAZ59271.1,None,chaperonin Cpn60/TCP-1
PMN2A_1785,AAZ59273.1,None,3-oxoacyl-[acyl-carrier-protein
PMN2A_1786,AAZ59274.1,None,4-diphosphocytidyl-2C-methyl-D-erythritol synthase
PMN2A_1787,AAZ59275.1,None,conserved hypothetical protein
PMN2A_1788,AAZ59276.1,None,4-hydroxybenzoate octaprenyltransferase
PMN2A_1789,AAZ59277.1,None,putative exopolyphosphatase
PMN2A_1790,AAZ59278.1,None,putative Uncharacterized protein conserved in bacteria
PMN2A_1791,AAZ59279.1,None,precorrin-4 C11-methyltransferase
PMN2A_1792,AAZ59280.1,None,prolipoprotein diacylglyceryl transferase
PMN2A_1793,AAZ59281.1,None,apocytochrome F
PMN2A_1794,AAZ59282.1,None,cytochrome b6/f complex subunit (rieske iron-sulfur protein)
PMN2A_1795,AAZ59283.1,None,hypothetical protein
PMN2A_1796,AAZ59284.1,None,Sec-independent protein translocase TatC
PMN2A_1798,AAZ59286.1,None,RNA-binding protein
PMN2A_1799,AAZ59287.1,None,guanylate kinase
PMN2A_1800,AAZ59288.1,None,photosystem I reaction centre subunit IX PsaJ
PMN2A_1801,AAZ59289.1,None,photosystem I PsaF protein (subunit III)
PMN2A_1802,AAZ59290.1,None,O-sialoglycoprotein endopeptidase
PMN2A_1804,AAZ59292.1,None,conserved hypothetical protein
PMN2A_1806,AAZ59294.1,None,glutamyl-tRNA synthetase / glutamate--tRNA(Gln) ligase
PMN2A_1807,AAZ59295.1,None,conserved hypothetical protein
PMN2A_1808,AAZ59296.1,None,LSU ribosomal protein L19P
PMN2A_1809,AAZ59297.1,None,"methionine aminopeptidase, type I"
PMN2A_1810,AAZ59298.1,None,conserved hypothetical protein
PMN2A_1811,AAZ59299.1,None,bioD-like N-terminal domain of phosphotransacetylase
PMN2A_1812,AAZ59300.1,None,cyanobacteria-specific protein
PMN2A_1813,AAZ59301.1,None,conserved hypothetical protein
PMN2A_1814,AAZ59302.1,None,conserved hypothetical protein
PMN2A_1815,AAZ59303.1,None,"SPFH domain, Band 7 family protein"
PMN2A_1816,AAZ59304.1,None,"glutamate-1-semialdehyde 2,1-aminomutase"
PMN2A_1817,AAZ59305.1,None,Exodeoxyribonuclease III
PMN2A_1819,AAZ59307.1,None,conserved hypothetical protein
PMN2A_1820,AAZ59308.1,None,Protein of unknown function DUF111
PMN2A_1821,AAZ59309.1,None,conserved hypothetical protein
PMN2A_1822,AAZ59310.1,None,ABC-type Fe3+ transport system permease component
PMN2A_1823,AAZ59311.1,None,conserved hypothetical protein
PMN2A_1824,AAZ59312.1,None,pterin-4-alpha-carbinolamine dehydratase
PMN2A_1825,AAZ59313.1,None,Protein of unknown function UPF0047
PMN2A_1826,AAZ59314.1,None,thermostable carboxypeptidase 1
PMN2A_1827,AAZ59315.1,None,inorganic diphosphatase
PMN2A_1828,AAZ59316.1,None,hydroxymethylbilane synthase
PMN2A_1829,AAZ59317.1,None,sigma-70 factor
PMN2A_1830,AAZ59318.1,None,replication restart DNA helicase PriA
PMN2A_1831,AAZ59319.1,None,uncharacterized membrane protein
PMN2A_1832,AAZ59320.1,None,N-acetylglutamate kinase
PMN2A_1833,AAZ59321.1,None,conserved hypothetical protein
PMN2A_1834,AAZ59322.1,None,conserved hypothetical protein
PMN2A_1835,AAZ59323.1,None,single-stranded DNA-binding protein
PMN2A_1836,AAZ59324.1,None,precorrin-6A reductase
PMN2A_1838,AAZ59326.1,None,possible carbohydrate kinase
PMN2A_1839,AAZ59327.1,None,Adenylosuccinate synthetase
PMN2A_1840,AAZ59328.1,None,photosystem II protein Psb27
PMN2A_1841,AAZ59329.1,None,"prolyl-tRNA synthetase, bacterial"
PMN2A_1842,AAZ59330.1,None,possible helix-turn-helix domain of resolvase
PMN2A_1844,AAZ59332.1,None,inorganic diphosphatase
PMN2A_1845,AAZ59333.1,None,Conserved hypothetical protein ArsC related protein
PMN2A_1846,AAZ59334.1,None,"signal peptidase I, Serine peptidase, MEROPS family S26A"
PMN2A_1847,AAZ59335.1,None,phosphoglycerate mutase
PMN2A_1848,AAZ59336.1,None,metal-dependent membrane protease
PMN2A_1849,AAZ59337.1,None,conserved hypothetical protein
PMN2A_1850,AAZ59338.1,None,peptidoglycan glycosyltransferase
PMN2A_1851,AAZ59339.1,None,transaldolase
PMN2A_1852,AAZ59340.1,None,"geranylgeranyl reductase, plantal and prokaryotic"
PMN2A_1853,AAZ59341.1,None,ribosome recycling factor
PMN2A_1854,AAZ59342.1,None,uridylate kinase
PMN2A_1855,AAZ59343.1,None,"cob(I)yrinic acid a,c-diamide adenosyltransferase"
PMN2A_1856,AAZ59344.1,None,XisA-like site specific recombinase from phage integrase family
PMN2A_1857,AAZ59345.1,None,ferrochelatase
PMN2A_1858,AAZ59346.1,None,"acetolactate synthase, large subunit"
PMN2A_1859,AAZ59347.1,None,conserved hypothetical protein
PMN2A_1860,AAZ59348.1,None,conserved hypothetical protein
PMN2A_1861,AAZ59349.1,None,SSU ribosomal protein S1P
PMN2A_1862,AAZ59350.1,None,creatinine amidohydrolase related enzyme
PMN2A_1863,AAZ59351.1,None,fatty aldehyde decarbonylase
PMN2A_1864,AAZ59352.1,None,dehydrogenase
PMN2A_1865,AAZ59353.1,None,acetyl-CoA carboxylase carboxyltransferase subunit alpha
PMN2A_1866,AAZ59354.1,None,short-chain dehydrogenase/reductase family enzyme
PMN2A_1867,AAZ59355.1,None,phosphoribosylanthranilate isomerase
PMN2A_1868,AAZ59356.1,None,conserved hypothetical protein
PMN2A_1870,AAZ59358.1,None,uncharacterized conserved membrane protein
PMN2A_1871,AAZ59359.1,None,chlorophyll synthase / NADPH-protochlorophyllide oxidoreductase
PMN2A_1872,AAZ59360.1,None,"light-independent protochlorophyllide reductase, iron-sulfur ATP-binding protein"
PMN2A_1873,AAZ59361.1,None,"light-independent protochlorophyllide reductase, N subunit"
PMN2A_1874,AAZ59362.1,None,"light-independent protochlorophyllide reductase, B subunit"
PMN2A_1875,AAZ59363.1,None,conserved hypothetical protein
PMN2A_1876,AAZ59364.1,None,conserved hypothetical protein
PMN2A_1877,AAZ59365.1,None,HAM1 family protein
PMN2A_1878,AAZ59366.1,None,carboxysome shell protein CsoS1
PMN2A_1879,AAZ59367.1,None,"ribulose 1,5-bisphosphate carboxylase large subunit"
PMN2A_1880,AAZ59368.1,None,"ribulose 1,5-bisphosphate carboxylase small subunit"
PMN2A_1881,AAZ59369.1,None,carboxysome shell protein CsoS2
PMN2A_1882,AAZ59370.1,None,"carboxysome shell polypeptide, CsoS3"
PMN2A_1883,AAZ59371.1,None,putative carboxysome peptide A
PMN2A_1884,AAZ59372.1,None,putative carboxysome peptide B
PMN2A_1885,AAZ59373.1,None,"carboxysome shell peptide, CsoS1"
PMN2A_1886,AAZ59374.1,None,conserved hypothetical protein
PMN2A_1887,AAZ59375.1,None,conserved hypothetical
PMN2A_1888,AAZ59376.1,None,endoribonuclease L-PSP
PMN2A_1890,AAZ59378.1,None,ATP phosphoribosyltransferase (homohexameric)
PMN2A_1891,AAZ59379.1,None,ATPase
PMN2A_1892,AAZ59380.1,None,"acetyltransferase, GNAT family"
PMN2A_1893,AAZ59381.1,None,glycosyltransferase
PMN2A_1894,AAZ59382.1,None,conserved hypothetical protein
PMN2A_0001,AAZ57493.1,None,chromosomal replication initiator protein DnaA
PMN2A_0002,AAZ57494.1,None,glutaredoxin-like domain/phycoerythrin related domain fusion
PMN2A_0003,AAZ57495.1,None,NADPH-glutathione reductase
PMN2A_0004,AAZ57496.1,None,K+-dependent Na+/Ca+ exchanger related-protein
PMN2A_0005,AAZ57497.1,None,dihydroorotase
PMN2A_0006,AAZ57498.1,None,hypothetical protein
PMN2A_0007,AAZ57499.1,None,conserved hypothetical protein
PMN2A_0008,AAZ57500.1,None,"tryptophan synthase, alpha chain"
PMN2A_0009,AAZ57501.1,None,uncharacterized YCII family conserved protein
PMN2A_0010,AAZ57502.1,None,cytochrome c
PMN2A_0011,AAZ57503.1,None,conserved hypothetical protein
PMN2A_0012,AAZ57504.1,None,conserved hypothetical protein
PMN2A_0013,AAZ57505.1,None,possible type II alternative RNA polymerase sigma factor
PMN2A_0014,AAZ57506.1,None,phosphoribosyl-ATP pyrophosphatase / phosphoribosyl-AMP cyclohydrolase
PMN2A_0015,AAZ57507.1,None,conserved hypothetical protein
PMN2A_0016,AAZ57508.1,None,ATPase
PMN2A_0017,AAZ57509.1,None,plastocyanin
PMN2A_0018,AAZ57510.1,None,conserved hypothetical protein
PMN2A_0019,AAZ57511.1,None,uroporphyrinogen decarboxylase
PMN2A_0020,AAZ57512.1,None,glycogen branching enzyme
PMN2A_0021,AAZ57513.1,None,alpha/beta superfamily hydrolase
PMN2A_0022,AAZ57514.1,None,conserved hypothetical protein
PMN2A_0023,AAZ57515.1,None,conserved hypothetical
PMN2A_0024,AAZ57516.1,None,uncharacterized membrane protein
PMN2A_0025,AAZ57517.1,None,conserved hypothetical protein
PMN2A_0026,AAZ57518.1,None,glutamate-5-semialdehyde dehydrogenase
PMN2A_0027,AAZ57519.1,None,dihydroneopterin aldolase
PMN2A_0028,AAZ57520.1,None,probable alpha/beta superfamily lipase
PMN2A_0029,AAZ57521.1,None,"oligopeptidase A, Metallo peptidase, MEROPS family M03A"
PMN2A_0030,AAZ57522.1,None,NADH dehydrogenase subunit M
PMN2A_0031,AAZ57523.1,None,homoserine kinase
PMN2A_0032,AAZ57524.1,None,glucokinase
PMN2A_0033,AAZ57525.1,None,threonyl-tRNA synthetase / Ser-tRNA(Thr) hydrolase
PMN2A_0034,AAZ57526.1,None,tryptophanyl-tRNA synthetase
PMN2A_0035,AAZ57527.1,None,conserved hypothetical protein
PMN2A_0036,AAZ57528.1,None,membrane associated GTPase
PMN2A_0037,AAZ57529.1,None,"ABC transporter, substrate binding protein, possibly Mn"
PMN2A_0038,AAZ57530.1,None,ATPase
PMN2A_0039,AAZ57531.1,None,ABC-type Mn2+/Zn2+ transport system permease components
PMN2A_0040,AAZ57532.1,None,conserved hypothetical protein
PMN2A_0041,AAZ57533.1,None,conserved hypothetical protein
PMN2A_0042,AAZ57534.1,None,"signal peptidase I, Serine peptidase, MEROPS family S26A"
PMN2A_0043,AAZ57535.1,None,"2-succinyl-6-hydroxy-2,4-cyclohexadiene-1-carboxylate synthase"
PMN2A_0044,AAZ57536.1,None,"1,4-Dihydroxy-2-naphthoate synthase"
PMN2A_0045,AAZ57537.1,None,"glycogen/starch synthases, ADP-glucose type"
PMN2A_0046,AAZ57538.1,None,UDP-N-acetylmuramoyl-tripeptide--D-alanyl-D-alanine ligase
PMN2A_0047,AAZ57539.1,None,UDP-N-acetylglucosamine pyrophosphorylase / glucosamine-1-phosphate N-acetyltransferase
PMN2A_0048,AAZ57540.1,None,SAM-dependent methyltransferase
PMN2A_0049,AAZ57541.1,None,3-phosphoshikimate 1-carboxyvinyltransferase
PMN2A_0050,AAZ57542.1,None,3-octaprenyl-4hydroxybenzoate decarboxylase
PMN2A_0051,AAZ57543.1,None,2-phosphosulfolactate phosphatase
PMN2A_0052,AAZ57544.1,None,nitrilase-like protein
PMN2A_0053,AAZ57545.1,None,cell wall hydrolase/autolysin
PMN2A_0054,AAZ57546.1,None,glutamate racemase
PMN2A_0055,AAZ57547.1,None,trans-hexaprenyltranstransferase
PMN2A_0056,AAZ57548.1,None,"HAD-superfamily hydrolase subfamily IA, variant 3"
PMN2A_0057,AAZ57549.1,None,acetyl-coenzyme A synthetase
PMN2A_0058,AAZ57550.1,None,conserved hypothetical protein
PMN2A_0059,AAZ57551.1,None,"DNA polymerase III, epsilon subunit"
PMN2A_0060,AAZ57552.1,None,hypothetical protein
PMN2A_0061,AAZ57553.1,None,histidyl-tRNA synthetase
PMN2A_0062,AAZ57554.1,None,UDP-glucose 6-dehydrogenase
PMN2A_0064,AAZ57556.1,None,"Conserved hypothetical protein CHP02450, tryptophan-rich"
PMN2A_0066,AAZ57558.1,None,chlorophyll a/b binding light harvesting protein PcbA
PMN2A_0069,AAZ57561.1,None,glutathione S-transferase N terminus protein
PMN2A_0072,AAZ57564.1,None,short-chain dehydrogenase/reductase (SDR) superfamily:glucose
PMN2A_0073,AAZ57565.1,None,lycopene cyclase (CrtL-type)
PMN2A_0074,AAZ57566.1,None,chlorophyll synthase / NADPH-protochlorophyllide oxidoreductase
PMN2A_0075,AAZ57567.1,None,small-conductance mechanosensitive channel
PMN2A_0077,AAZ57569.1,None,Fe2+/Zn2+ uptake regulation protein
PMN2A_0078,AAZ57570.1,None,conserved hypothetical protein
PMN2A_0079,AAZ57571.1,None,glucosylglycerol phosphatase
PMN2A_0080,AAZ57572.1,None,conserved hypothetical protein
PMN2A_0081,AAZ57573.1,None,conserved hypothetical protein
PMN2A_0082,AAZ57574.1,None,conserved hypothetical protein
PMN2A_0083,AAZ57575.1,None,O-acetylhomoserine sulfhydrolase
PMN2A_0084,AAZ57576.1,None,homoserine O-succinyltransferase
PMN2A_0085,AAZ57577.1,None,FAD/FMN-containing dehydrogenase
PMN2A_0086,AAZ57578.1,None,conserved hypothetical protein
PMN2A_0087,AAZ57579.1,None,conserved hypothetical protein
PMN2A_0088,AAZ57580.1,None,glucose-methanol-choline (GMC) oxidoreductase:NAD binding site
PMN2A_0089,AAZ57581.1,None,secreted pentapeptide repeats protein
PMN2A_0090,AAZ57582.1,None,unknown
PMN2A_0093,AAZ57585.1,None,B-12 Dependent ribonucleotide Reductase
PMN2A_0094,AAZ57586.1,None,SAM-dependent methyltransferase
PMN2A_0095,AAZ57587.1,None,bacterial peptide chain release factor 3 (bRF-3)
PMN2A_0096,AAZ57588.1,None,conserved hypothetical protein
PMN2A_0097,AAZ57589.1,None,Hsp33 protein
PMN2A_0098,AAZ57590.1,None,ATPase
PMN2A_0099,AAZ57591.1,None,conserved hypothetical protein
PMN2A_0100,AAZ57592.1,None,Conserved hypothetical protein 46
PMN2A_0101,AAZ57593.1,None,"Protein of unknown function DUF92, transmembrane"
PMN2A_0102,AAZ57594.1,None,arylesterase
PMN2A_0103,AAZ57595.1,None,ABC-type phosphate/phosphonate transport system permease component
PMN2A_0104,AAZ57596.1,None,ATPase
PMN2A_0105,AAZ57597.1,None,Phosphonate-binding periplasmic protein
PMN2A_0106,AAZ57598.1,None,L-aspartate aminotransferase apoenzyme
PMN2A_0107,AAZ57599.1,None,lactoylglutathione lyase family enzyme
PMN2A_0108,AAZ57600.1,None,phage SPO1 DNA polymerase-related protein
PMN2A_0109,AAZ57601.1,None,4-hydroxy-3-methylbut-2-en-1-yl diphosphate synthase
PMN2A_0110,AAZ57602.1,None,"C-terminal processing peptidase-2, Serine peptidase, MEROPS family S41A"
PMN2A_0111,AAZ57603.1,None,conserved hypothetical protein
PMN2A_0112,AAZ57604.1,None,quinolinate synthetase A
PMN2A_0113,AAZ57605.1,None,phosphoesterase
PMN2A_0114,AAZ57606.1,None,conserved hypothetical protein
PMN2A_0115,AAZ57607.1,None,conserved hypothetical protein
PMN2A_0116,AAZ57608.1,None,3-dehydroquinate synthase
PMN2A_0117,AAZ57609.1,None,5-(carboxyamino)imidazole ribonucleotide synthase
PMN2A_0121,AAZ57613.1,None,conserved hypothetical protein
PMN2A_0127,AAZ57619.1,None,conserved hypothetical protein
PMN2A_0129,AAZ57621.1,None,protein family PM-1
PMN2A_0130,AAZ57622.1,None,HI0933-like protein
PMN2A_0131,AAZ57623.1,None,conserved hypothetical protein
PMN2A_0133,AAZ57625.1,None,protein family PM-1
PMN2A_0134,AAZ57626.1,None,conserved hypothetical protein
PMN2A_0135,AAZ57627.1,None,photosystem II reaction centre W protein
PMN2A_0136,AAZ57628.1,None,rhodanese-like protein
PMN2A_0137,AAZ57629.1,None,conserved hypothetical protein
PMN2A_0138,AAZ57630.1,None,conserved hypothetical protein
PMN2A_0139,AAZ57631.1,None,conserved hypothetical protein
PMN2A_0140,AAZ57632.1,None,SAM (and some other nucleotide) binding motif:generic methyl-transferase
PMN2A_0141,AAZ57633.1,None,L-glutamine synthetase
PMN2A_0142,AAZ57634.1,None,alanine-glyoxylate aminotransferase apoenzyme
PMN2A_0143,AAZ57635.1,None,putative cytidine/deoxycytidylate deaminase
PMN2A_0144,AAZ57636.1,None,pyridoxal-dependent decarboxylase family
PMN2A_0145,AAZ57637.1,None,Small GTP-binding protein domain
PMN2A_0146,AAZ57638.1,None,"signal peptidase II, Aspartic peptidase, MEROPS family A08"
PMN2A_0147,AAZ57639.1,None,uncharacterized BioY family conserved membrane protein
PMN2A_0148,AAZ57640.1,None,conserved hypothetical protein
PMN2A_0149,AAZ57641.1,None,Zn-dependent peptidase
PMN2A_0150,AAZ57642.1,None,possible Zn-dependent peptidase
PMN2A_0151,AAZ57643.1,None,ferredoxin-dependent biliverdin reductase
PMN2A_0152,AAZ57644.1,None,DevB-like secretion protein
PMN2A_0153,AAZ57645.1,None,DevC protein
PMN2A_0154,AAZ57646.1,None,ATPase
PMN2A_0156,AAZ57648.1,None,"glycosyl transferase, family 2"
PMN2A_0157,AAZ57649.1,None,SSU ribosomal protein S2P
PMN2A_0158,AAZ57650.1,None,translation elongation factor Ts (EF-Ts)
PMN2A_0159,AAZ57651.1,None,conserved hypothetical protein
PMN2A_0160,AAZ57652.1,None,ATP-dependent DNA helicase RecG
PMN2A_0161,AAZ57653.1,None,D-ala-D-ala dipeptidase
PMN2A_0162,AAZ57654.1,None,sulfite reductase (ferredoxin)
PMN2A_0163,AAZ57655.1,None,glycyl-tRNA synthetase beta chain
PMN2A_0164,AAZ57656.1,None,"geranylgeranyl reductase:Geranylgeranyl reductase, plants and cyanobacteria:Geranylgeranyl reductase, plantal and prokaryotic"
PMN2A_0165,AAZ57657.1,None,"D-Ala-D-Ala carboxypeptidase, Metallo peptidase, MEROPS family M15B"
PMN2A_0166,AAZ57658.1,None,Small GTP-binding protein domain:GTP-binding protein TypA
PMN2A_0167,AAZ57659.1,None,conserved hypothetical protein
PMN2A_0169,AAZ57661.1,None,ATPase
PMN2A_0170,AAZ57662.1,None,unclassified ABC-type transport system permease
PMN2A_0171,AAZ57663.1,None,possible heme transporter
PMN2A_0172,AAZ57664.1,None,ribulose-5-phosphate 3-epimerase
PMN2A_0173,AAZ57665.1,None,"D-fructose 1,6-bisphosphatase / sedoheptulose 1,7-bisphosphatase"
PMN2A_0174,AAZ57666.1,None,glutamyl-tRNA reductase
PMN2A_0175,AAZ57667.1,None,glucose-1-phosphate adenylyltransferase
PMN2A_0176,AAZ57668.1,None,6-phosphogluconate dehydrogenase (decarboxylating)
PMN2A_0177,AAZ57669.1,None,6-phosphogluconolactonase
PMN2A_0178,AAZ57670.1,None,conserved hypothetical protein
PMN2A_0179,AAZ57671.1,None,conserved hypothetical protein
PMN2A_0180,AAZ57672.1,None,dihydroxyacid dehydratase
PMN2A_0181,AAZ57673.1,None,uncharacterized membrane protein
PMN2A_0182,AAZ57674.1,None,uracil phosphoribosyltransferase
PMN2A_0183,AAZ57675.1,None,secreted pentapeptide repeats protein
PMN2A_0184,AAZ57676.1,None,putative cobalamin synthesis protein
PMN2A_0186,AAZ57678.1,None,phosphoribosylformylglycinamidine synthetase PurS
PMN2A_0187,AAZ57679.1,None,phosphoribosylformylglycinamidine synthase subunit I
PMN2A_0189,AAZ57681.1,None,putative oxidoreductase
PMN2A_0191,AAZ57683.1,None,acetyl-CoA carboxylase carboxyltransferase subunit alpha
PMN2A_0193,AAZ57685.1,None,phosphoribulokinase
PMN2A_0194,AAZ57686.1,None,3-isopropylmalate dehydrogenase
PMN2A_0195,AAZ57687.1,None,UDP-3-O-[3-hydroxymyristoyl
PMN2A_0196,AAZ57688.1,None,glutamate 5-kinase
PMN2A_0198,AAZ57690.1,None,conserved hypothetical protein
PMN2A_0199,AAZ57691.1,None,Holliday junction resolvase YqgF
PMN2A_0200,AAZ57692.1,None,conserved hypothetical protein
PMN2A_0201,AAZ57693.1,None,conserved hypothetical protein
PMN2A_0202,AAZ57694.1,None,thioredoxin family protein
PMN2A_0203,AAZ57695.1,None,CheY-like domain containing protein
PMN2A_0204,AAZ57696.1,None,1-(5-phosphoribosyl)-5-[(5-phosphoribosylamino)methylideneamino
PMN2A_0205,AAZ57697.1,None,possible mRNA-binding protein
PMN2A_0206,AAZ57698.1,None,CDP-diacylglycerol--glycerol-3-phosphate 3-phosphatidyltransferase
PMN2A_0208,AAZ57700.1,None,conserved hypothetical protein
PMN2A_0209,AAZ57701.1,None,NAD dependent epimerase/dehydratase
PMN2A_0210,AAZ57702.1,None,endonuclease III/Nth
PMN2A_0211,AAZ57703.1,None,ATPase
PMN2A_0215,AAZ57707.1,None,chlorophyll a/b binding light harvesting protein PcbD
PMN2A_0216,AAZ57708.1,None,conserved hypothetical protein
PMN2A_0217,AAZ57709.1,None,ATPase
PMN2A_0218,AAZ57710.1,None,rieske 2Fe-2S family protein
PMN2A_0221,AAZ57713.1,None,UDP-galactose 4-epimerase
PMN2A_0222,AAZ57714.1,None,asparaginase
PMN2A_0223,AAZ57715.1,None,conserved hypothetical protein
PMN2A_0224,AAZ57716.1,None,Iojap-related protein
PMN2A_0225,AAZ57717.1,None,uncharacterized membrane protein
PMN2A_0226,AAZ57718.1,None,carbamoyl-phosphate synthase large subunit
PMN2A_0227,AAZ57719.1,None,Mg-protoporphyrin IX monomethyl ester (oxidative) cyclase
PMN2A_0228,AAZ57720.1,None,"ferredoxin, PetF like protein"
PMN2A_0231,AAZ57723.1,None,2-hydroxy-3-oxopropionate reductase
PMN2A_0233,AAZ57725.1,None,conserved hypothetical protein
PMN2A_0234,AAZ57726.1,None,ATPase
PMN2A_0235,AAZ57727.1,None,putative multidrug efflux ABC transporter
PMN2A_0236,AAZ57728.1,None,"conserved membrane protein, multidrug efflux associated"
PMN2A_0237,AAZ57729.1,None,"Mn2+ and Fe2+ transporter, NRAMP family"
PMN2A_0243,AAZ57735.1,None,hypothetical protein
PMN2A_0245,AAZ57737.1,None,Vng0271c-like protein
PMN2A_0246,AAZ57738.1,None,"alpha amylase, catalytic subdomain"
PMN2A_0247,AAZ57739.1,None,HAD-superfamily hydrolase subfamily IIB:HAD-superfamily hydrolase YedP
PMN2A_0248,AAZ57740.1,None,phosphoribulokinase/uridine kinase family enzyme
PMN2A_0252,AAZ57744.1,None,Undecaprenyl-diphosphatase
PMN2A_0254,AAZ57746.1,None,methionine sulfoxide reductase A
PMN2A_0255,AAZ57747.1,None,uncharacterized membrane protein
PMN2A_0256,AAZ57748.1,None,ATPase
PMN2A_0257,AAZ57749.1,None,conserved hypothetical protein
PMN2A_0258,AAZ57750.1,None,anthranilate phosphoribosyltransferase
PMN2A_0259,AAZ57751.1,None,carbamoyl-phosphate synthase small subunit
PMN2A_0260,AAZ57752.1,None,anti-anti-sigma regulatory factor
PMN2A_0261,AAZ57753.1,None,conserved hypothetical protein
PMN2A_0262,AAZ57754.1,None,"RNA methyltransferase TrmH, group 3"
PMN2A_0263,AAZ57755.1,None,conserved hypothetical protein
PMN2A_0264,AAZ57756.1,None,aspartyl/glutamyl-tRNA(Asn/Gln) amidotransferase subunit A
PMN2A_0265,AAZ57757.1,None,"DNA polymerase III, alpha subunit"
PMN2A_0266,AAZ57758.1,None,hypothetical protein
PMN2A_0267,AAZ57759.1,None,SSU ribosomal protein S15P
PMN2A_0268,AAZ57760.1,None,Holliday junction DNA helicase subunit RuvA
PMN2A_0270,AAZ57762.1,None,"permease of the drug/metabolite transporter, DMT superfamily"
PMN2A_0271,AAZ57763.1,None,DNA primase
PMN2A_0272,AAZ57764.1,None,conserved hypothetical protein
PMN2A_0274,AAZ57766.1,None,DNA-directed DNA polymerase
PMN2A_0275,AAZ57767.1,None,"SOS response UmuD protein, Serine peptidase, MEROPS family S24"
PMN2A_0276,AAZ57768.1,None,conserved hypothetical protein
PMN2A_0277,AAZ57769.1,None,conserved hypothetical protein
PMN2A_0278,AAZ57770.1,None,dimethyladenosine transferase
PMN2A_0279,AAZ57771.1,None,4-diphosphocytidyl-2-C-methyl-D-erythritol kinase
PMN2A_0280,AAZ57772.1,None,conserved hypothetical protein
PMN2A_0281,AAZ57773.1,None,pyruvate dehydrogenase E1 beta subunit
PMN2A_0282,AAZ57774.1,None,SecD/SecF/SecDF export membrane protein:SecD export membrane protein
PMN2A_0283,AAZ57775.1,None,protein translocase subunit secF
PMN2A_0285,AAZ57777.1,None,protein family PM-1
PMN2A_0288,AAZ57780.1,None,conserved hypothetical protein
PMN2A_0289,AAZ57781.1,None,conserved hypothetical protein
PMN2A_0291,AAZ57783.1,None,conserved hypothetical protein
PMN2A_0292,AAZ57784.1,None,ATP-dependent Clp protease proteolytic subunit ClpP
PMN2A_0293,AAZ57785.1,None,membrane protease FtsH catalytic subunit
PMN2A_0294,AAZ57786.1,None,possible ABC transporter
PMN2A_0295,AAZ57787.1,None,pyruvate kinase
PMN2A_0296,AAZ57788.1,None,MazG family pyrophosphatase
PMN2A_0297,AAZ57789.1,None,uncharacterized YGGT family conserved membrane protein
PMN2A_0298,AAZ57790.1,None,condensin subunit ScpB
PMN2A_0299,AAZ57791.1,None,L-threonine ammonia-lyase
PMN2A_0300,AAZ57792.1,None,1-deoxy-D-xylulose-5-phosphate synthase
PMN2A_0301,AAZ57793.1,None,photosystem I reaction center subunit PsaK
PMN2A_0302,AAZ57794.1,None,uncharacterized conserved membrane protein
PMN2A_0303,AAZ57795.1,None,conserved hypothetical protein
PMN2A_0304,AAZ57796.1,None,alkyl hydroperoxide reductase/thiol specific antioxidant/mal allergens family protein
PMN2A_0305,AAZ57797.1,None,LSU ribosomal protein L28P
PMN2A_0306,AAZ57798.1,None,"ATP-binding region, ATPase-like protein"
PMN2A_0307,AAZ57799.1,None,histidine--tRNA ligase
PMN2A_0308,AAZ57800.1,None,inositol-1(or 4)-monophosphatase
PMN2A_0309,AAZ57801.1,None,"phosphate ABC transporter ATP-binding protein, PhoT family"
PMN2A_0310,AAZ57802.1,None,"phosphate ABC transporter membrane protein 2, PhoT family"
PMN2A_0311,AAZ57803.1,None,"phosphate ABC transporter membrane protein 1, PhoT family"
PMN2A_0312,AAZ57804.1,None,"molecular chaperone, DnaK"
PMN2A_0313,AAZ57805.1,None,"Heat shock protein DnaJ, N-terminal protein"
PMN2A_0314,AAZ57806.1,None,conserved hypothetical protein
PMN2A_0315,AAZ57807.1,None,conserved hypothetical protein
PMN2A_0316,AAZ57808.1,None,peptidyl-prolyl cis-trans isomerase
PMN2A_0317,AAZ57809.1,None,"GTP cyclohydrolase II / 3,4-dihydroxy-2-butanone 4-phosphate synthase"
PMN2A_0318,AAZ57810.1,None,N-acetyl-gamma-glutamyl-phosphate reductase
PMN2A_0319,AAZ57811.1,None,formyltetrahydrofolate-dependent phosphoribosylglycinamide formyltransferase
PMN2A_0320,AAZ57812.1,None,glucose-6-phosphate isomerase
PMN2A_0321,AAZ57813.1,None,leucyl-tRNA synthetase
PMN2A_0322,AAZ57814.1,None,diaminopimelate epimerase
PMN2A_0323,AAZ57815.1,None,possible cysteine desulfurase (class-V aminotransferase family)
PMN2A_0324,AAZ57816.1,None,conserved hypothetical protein
PMN2A_0325,AAZ57817.1,None,D-alanyl-D-alanine carboxypeptidase
PMN2A_0326,AAZ57818.1,None,Phosphopantetheine adenylyltransferase
PMN2A_0327,AAZ57819.1,None,conserved hypothetical protein
PMN2A_0328,AAZ57820.1,None,Excinuclease ABC subunit C
PMN2A_0329,AAZ57821.1,None,Conserved hypothetical protein 701
PMN2A_0330,AAZ57822.1,None,"phosphoesterase PHP, N-terminal protein"
PMN2A_0331,AAZ57823.1,None,cobaltochelatase CobN subunit
PMN2A_0332,AAZ57824.1,None,branched chain amino acid aminotransferase apoenzyme
PMN2A_0333,AAZ57825.1,None,methionine synthase (B12-dependent)
PMN2A_0334,AAZ57826.1,None,conserved hypothetical
PMN2A_0335,AAZ57827.1,None,possible ATP adenylyltransferase
PMN2A_0337,AAZ57829.1,None,"Heat shock protein DnaJ, N-terminal protein"
PMN2A_0338,AAZ57830.1,None,phenylalanyl-tRNA synthetase beta subunit
PMN2A_0339,AAZ57831.1,None,LSU ribosomal protein L33P
PMN2A_0340,AAZ57832.1,None,SSU ribosomal protein S18P
PMN2A_0341,AAZ57833.1,None,exoribonuclease R/ribonuclease II
PMN2A_0342,AAZ57834.1,None,methionyl-tRNA synthetase
PMN2A_0345,AAZ57837.1,None,adenosylcobinamide kinase
PMN2A_0346,AAZ57838.1,None,putative tRNA/rRNA methyltransferase (SpoU family)
PMN2A_0350,AAZ57842.1,None,conserved hypothetical protein
PMN2A_0352,AAZ57844.1,None,thioredoxin peroxidase
PMN2A_0353,AAZ57845.1,None,membrane protease FtsH catalytic subunit
PMN2A_0354,AAZ57846.1,None,LSU ribosomal protein L32P
PMN2A_0356,AAZ57848.1,None,"HAD-superfamily hydrolase subfamily IA, variant 3"
PMN2A_0357,AAZ57849.1,None,exonuclease RecJ
PMN2A_0358,AAZ57850.1,None,putative membrane protein
PMN2A_0359,AAZ57851.1,None,conserved hypothetical protein
PMN2A_0360,AAZ57852.1,None,RNA binding S1:Cold shock protein
PMN2A_0361,AAZ57853.1,None,phenylacrylic acid decarboxylase
PMN2A_0363,AAZ57855.1,None,hypothetical protein
PMN2A_0364,AAZ57856.1,None,"microcin-processing peptidase 2, Unknown type peptidase, MEROPS family U62"
PMN2A_0365,AAZ57857.1,None,possible modulator of DNA gyrase
PMN2A_0366,AAZ57858.1,None,methionyl-tRNA formyltransferase
PMN2A_0367,AAZ57859.1,None,conserved membrane protein TerC
PMN2A_0368,AAZ57860.1,None,conserved hypothetical protein
PMN2A_0369,AAZ57861.1,None,transcription-repair coupling factor
PMN2A_0372,AAZ57864.1,None,SAM-dependent methyltransferase
PMN2A_0373,AAZ57865.1,None,conserved hypothetical protein
PMN2A_0374,AAZ57866.1,None,hypothetical protein
PMN2A_0375,AAZ57867.1,None,adenine phosphoribosyltransferase
PMN2A_0376,AAZ57868.1,None,conserved hypothetical protein
PMN2A_0377,AAZ57869.1,None,2-polyprenyl-6-methoxyphenol hydroxylase related enzyme
PMN2A_0378,AAZ57870.1,None,uncharacterized membrane protein
PMN2A_0379,AAZ57871.1,None,dihydrodipicolinate reductase
PMN2A_0380,AAZ57872.1,None,cobaltochelatase CobN subunit
PMN2A_0381,AAZ57873.1,None,Dihydropteroate synthase
PMN2A_0382,AAZ57874.1,None,triosephosphate isomerase
PMN2A_0383,AAZ57875.1,None,RNA-binding S4
PMN2A_0384,AAZ57876.1,None,ATPase
PMN2A_0385,AAZ57877.1,None,conserved hypothetical protein
PMN2A_0387,AAZ57879.1,None,conserved hypothetical protein
PMN2A_0395,AAZ57887.1,None,putative short chain dehydrogenase
PMN2A_0396,AAZ57888.1,None,conserved hypothetical protein
PMN2A_0399,AAZ57891.1,None,conserved hypothetical protein
PMN2A_0403,AAZ57895.1,None,"putative potassium channel, VIC family"
PMN2A_0410,AAZ57902.1,None,conserved hypothetical protein
PMN2A_0411,AAZ57903.1,None,AbrB family transciptional regulator
PMN2A_0421,AAZ57913.1,None,conserved hypothetical protein
PMN2A_0422,AAZ57914.1,None,SAM-dependent methyltransferase
PMN2A_0426,AAZ57918.1,None,Protein of unknown function DUF77
PMN2A_0435,AAZ57927.1,None,"regulatory protein, Crp"
PMN2A_0436,AAZ57928.1,None,"two component transcriptional regulator, winged helix family"
PMN2A_0437,AAZ57929.1,None,histidine kinase
PMN2A_0440,AAZ57932.1,None,porin-like protein
PMN2A_0441,AAZ57933.1,None,"phosphate ABC transporter substrate-binding protein, PhoT family"
PMN2A_0443,AAZ57935.1,None,chromate transporter
PMN2A_0444,AAZ57936.1,None,permease of the major facilitator superfamily
PMN2A_0445,AAZ57937.1,None,glyceraldehyde-3-phosphate dehydrogenase
PMN2A_0450,AAZ57942.1,None,conserved hypothetical protein
PMN2A_0456,AAZ57947.1,None,"Conserved hypothetical protein CHP02450, tryptophan-rich"
PMN2A_0464,AAZ57955.1,None,conserved hypothetical protein
PMN2A_0473,AAZ57964.1,None,conserved hypothetical protein
PMN2A_0475,AAZ57966.1,None,uncharacterized membrane protein
PMN2A_0476,AAZ57967.1,None,conserved hypothetical protein
PMN2A_0477,AAZ57968.1,None,conserved hypothetical protein
PMN2A_0478,AAZ57969.1,None,permease
PMN2A_0489,AAZ57980.1,None,conserved hypothetical protein
PMN2A_0491,AAZ57982.1,None,conserved hypothetical protein
PMN2A_0492,AAZ57983.1,None,conserved hypothetical protein
PMN2A_0497,AAZ57988.1,None,conserved hypothetical protein
PMN2A_0503,AAZ57994.1,None,formate-dependent phosphoribosylglycinamide formyltransferase
PMN2A_0517,AAZ58008.1,None,conserved hypothetical protein
PMN2A_0531,AAZ58022.1,None,HAD-superfamily subfamily IA
PMN2A_0536,AAZ58027.1,None,conserved hypothetical protein
PMN2A_0538,AAZ58029.1,None,uncharacterized YdiU family conserved protein
PMN2A_0544,AAZ58035.1,None,conserved hypothetical protein
PMN2A_0558,AAZ58049.1,None,Photosystem II reaction centre protein PsbA/D1
PMN2A_0559,AAZ58050.1,None,uncharacterized membrane protein
PMN2A_0579,AAZ58070.1,None,conserved hypothetical protein
PMN2A_0580,AAZ58071.1,None,conserved hypothetical protein
PMN2A_0585,AAZ58076.1,None,conserved hypothetical protein
PMN2A_0588,AAZ58079.1,None,conserved hypothetical protein
PMN2A_0591,AAZ58082.1,None,hypothetical protein
PMN2A_0595,AAZ58086.1,None,conserved hypothetical protein
PMN2A_0599,AAZ58090.1,None,ferredoxin
PMN2A_0601,AAZ58092.1,None,ribosomal large subunit pseudouridine synthase F
PMN2A_0607,AAZ58098.1,None,hypothetical protein
PMN2A_0610,AAZ58101.1,None,hypothetical protein
PMN2A_0611,AAZ58102.1,None,"amino acid ABC transporter ATP-binding protein, PAAT family"
PMN2A_0612,AAZ58103.1,None,"amino acid ABC transporter membrane protein 2, PAAT family"
PMN2A_0613,AAZ58104.1,None,"amino acid ABC transporter membrane protein 1, PAAT family"
PMN2A_0614,AAZ58105.1,None,"amino acid ABC transporter substrate-binding protein, PAAT family"
PMN2A_0621,AAZ58112.1,None,hydrogenase accessory membrane protein
PMN2A_0631,AAZ58122.1,None,putative sulfate transporter
PMN2A_0632,AAZ58123.1,None,protein family PM-2
PMN2A_0635,AAZ58126.1,None,Gid protein
PMN2A_0636,AAZ58127.1,None,phytoene dehydrogenase / carotenoid isomerase
PMN2A_0637,AAZ58128.1,None,"two component transcriptional regulator, winged helix family"
PMN2A_0639,AAZ58130.1,None,Glutaredoxin-related protein
PMN2A_0640,AAZ58131.1,None,"transcriptional regulator, BolA protein family"
PMN2A_0641,AAZ58132.1,None,phospholipid/glycerol acyltransferase
PMN2A_0642,AAZ58133.1,None,pyridoxine 5'-phosphate synthase
PMN2A_0643,AAZ58134.1,None,"DNA helicase/exodeoxyribonuclease V, gamma subunit"
PMN2A_0644,AAZ58135.1,None,conserved hypothetical protein
PMN2A_0645,AAZ58136.1,None,"DNA helicase/exodeoxyribonuclease V, beta subunit"
PMN2A_0646,AAZ58137.1,None,"DNA helicase/exodeoxyribonuclease V, alpha subunit"
PMN2A_0647,AAZ58138.1,None,ATP-dependent RNA helicase CsdA
PMN2A_0649,AAZ58140.1,None,ATPase
PMN2A_0650,AAZ58141.1,None,PsbP
PMN2A_0651,AAZ58142.1,None,DNA replication and repair protein RecR
PMN2A_0652,AAZ58143.1,None,lipoate synthase
PMN2A_0653,AAZ58144.1,None,conserved hypothetical protein
PMN2A_0654,AAZ58145.1,None,rhodanese-like protein
PMN2A_0655,AAZ58146.1,None,biotin synthase
PMN2A_0656,AAZ58147.1,None,Undecaprenyl pyrophosphate synthetase
PMN2A_0657,AAZ58148.1,None,Protein of unknown function DUF147
PMN2A_0658,AAZ58149.1,None,diaminopimelate decarboxylase
PMN2A_0659,AAZ58150.1,None,[SSU ribosomal protein S18P
PMN2A_0660,AAZ58151.1,None,ATPase
PMN2A_0661,AAZ58152.1,None,glycerol dehydrogenase family enzyme
PMN2A_0662,AAZ58153.1,None,alpha/beta hydrolase fold:esterase/lipase/thioesterase family
PMN2A_0664,AAZ58155.1,None,phosphatidate cytidylyltransferase
PMN2A_0665,AAZ58156.1,None,Orn/Lys/Arg decarboxylases family 1
PMN2A_0666,AAZ58157.1,None,possible kinase
PMN2A_0668,AAZ58159.1,None,helix-turn-helix motif protein
PMN2A_0669,AAZ58160.1,None,"glycoside hydrolase, family 77"
PMN2A_0670,AAZ58161.1,None,ribose-phosphate pyrophosphokinase
PMN2A_0671,AAZ58162.1,None,"alanyl aminopeptidase, Metallo peptidase, MEROPS family M01"
PMN2A_0672,AAZ58163.1,None,hypothetical protein
PMN2A_0673,AAZ58164.1,None,conserved hypothetical protein
PMN2A_0674,AAZ58165.1,None,histidine kinase
PMN2A_0675,AAZ58166.1,None,"ferredoxin-NADP oxidoreductase, PetH"
PMN2A_0676,AAZ58167.1,None,glucose-6-phosphate 1-dehydrogenase
PMN2A_0677,AAZ58168.1,None,glucose-6-P dehydrogenase subunit
PMN2A_0678,AAZ58169.1,None,"hydrogenobyrinic acid a,c-diamide synthase (glutamine-hydrolysing) / cobyrinate a,c-diamide synthase"
PMN2A_0679,AAZ58170.1,None,conserved hypothetical
PMN2A_0680,AAZ58171.1,None,conserved hypothetical protein
PMN2A_0681,AAZ58172.1,None,farnesyl-diphosphate synthase
PMN2A_0682,AAZ58173.1,None,"5,10-methylenetetrahydrofolate dehydrogenase (NADP+) / methenyltetrahydrofolate cyclohydrolase"
PMN2A_0683,AAZ58174.1,None,HDIG protein
PMN2A_0686,AAZ58177.1,None,2-isopropylmalate synthase
PMN2A_0687,AAZ58178.1,None,(1->4)-alpha-D-glucan branching enzyme
PMN2A_0688,AAZ58179.1,None,lycopene cyclase (CrtL-type)
PMN2A_0689,AAZ58180.1,None,DNA gyrase subunit A
PMN2A_0690,AAZ58181.1,None,IMP dehydrogenase related 2
PMN2A_0691,AAZ58182.1,None,thioredoxin
PMN2A_0692,AAZ58183.1,None,imidazole glycerol phosphate synthase subunit hisH
PMN2A_0693,AAZ58184.1,None,conserved hypothetical protein
PMN2A_0695,AAZ58186.1,None,cytochrome c
PMN2A_0696,AAZ58187.1,None,"RNA methyltransferase TrmH, group 1"
PMN2A_0697,AAZ58188.1,None,putative beta-lactamase
PMN2A_0698,AAZ58189.1,None,protoporphyrin IX magnesium-chelatase
PMN2A_0699,AAZ58190.1,None,Holliday junction endonuclease RuvC
PMN2A_0700,AAZ58191.1,None,5-formyltetrahydrofolate cyclo-ligase
PMN2A_0701,AAZ58192.1,None,conserved hypothetical protein
PMN2A_0702,AAZ58193.1,None,homoserine dehydrogenase
PMN2A_0703,AAZ58194.1,None,hypothetical protein
PMN2A_0704,AAZ58195.1,None,ABC-type oligopeptide transport system periplasmic component
PMN2A_0705,AAZ58196.1,None,ABC-type oligopeptide transport system permease
PMN2A_0706,AAZ58197.1,None,serine peptidase (alpha/beta hydrolase superfamily) fused to N-terminal uncharacterized domain specific to cyanobacteria
PMN2A_0707,AAZ58198.1,None,permease of the major facilitator superfamily
PMN2A_0708,AAZ58199.1,None,conserved hypothetical protein
PMN2A_0709,AAZ58200.1,None,possible pfkB family carbohydrate kinase
PMN2A_0712,AAZ58203.1,None,conserved hypothetical protein
PMN2A_0715,AAZ58206.1,None,conserved hypothetical protein
PMN2A_0717,AAZ58208.1,None,chlorophyll a/b binding light harvesting protein PcbH
PMN2A_0718,AAZ58209.1,None,chlorophyll a/b binding light harvesting protein PcbC
PMN2A_0719,AAZ58210.1,None,chlorophyll a/b binding light harvesting protein PcbB
PMN2A_0722,AAZ58213.1,None,chlorophyll a/b binding light harvesting protein PcbE
PMN2A_0723,AAZ58214.1,None,chlorophyll a/b binding light harvesting protein PcbB
PMN2A_0724,AAZ58215.1,None,hypothetical protein
PMN2A_0726,AAZ58217.1,None,conserved hypothetical protein
PMN2A_0727,AAZ58218.1,None,putative bacterioferritin comigratory protein
PMN2A_0728,AAZ58219.1,None,putative DNA photolyase
PMN2A_0729,AAZ58220.1,None,short-chain dehydrogenase/reductase (SDR) superfamily
PMN2A_0733,AAZ58224.1,None,conserved hypothetical protein
PMN2A_0735,AAZ58226.1,None,Photosystem II reaction centre protein PsbA/D1
PMN2A_0746,AAZ58237.1,None,Conserved hypothetical protein 92:GTP-binding protein
PMN2A_0747,AAZ58238.1,None,Secretion protein HlyD
PMN2A_0748,AAZ58239.1,None,DNA polymerase A
PMN2A_0749,AAZ58240.1,None,cysteinyl-tRNA synthetase
PMN2A_0750,AAZ58241.1,None,Na+-dependent transporter of the SNF family
PMN2A_0751,AAZ58242.1,None,1-deoxy-D-xylulose 5-phosphate reductoisomerase
PMN2A_0752,AAZ58243.1,None,alpha/beta superfamily hydrolase
PMN2A_0753,AAZ58244.1,None,"putative nicotinamide nucleotide transhydrogenase, subunit beta"
PMN2A_0754,AAZ58245.1,None,NAD/NADP transhydrogenase alpha subunit
PMN2A_0755,AAZ58246.1,None,NAD/NADP transhydrogenase alpha subunit
PMN2A_0756,AAZ58247.1,None,conserved hypothetical protein
PMN2A_0758,AAZ58249.1,None,thioredoxin reductase
PMN2A_0759,AAZ58250.1,None,bacterial translation initiation factor 1 (bIF-1)
PMN2A_0760,AAZ58251.1,None,conserved hypothetical protein
PMN2A_0761,AAZ58252.1,None,NADPH-dependent reductase
PMN2A_0763,AAZ58254.1,None,alpha/beta superfamily hydrolase
PMN2A_0764,AAZ58255.1,None,"acetolactate synthase, small subunit"
PMN2A_0765,AAZ58256.1,None,cyclophilin-type peptidyl-prolyl cis-trans isomerase
PMN2A_0766,AAZ58257.1,None,photosystem I assembly protein
PMN2A_0767,AAZ58258.1,None,Photosystem II reaction centre protein PsbD/D2
PMN2A_0768,AAZ58259.1,None,Photosynthetic II protein PsbC
PMN2A_0769,AAZ58260.1,None,Maf-like protein
PMN2A_0771,AAZ58262.1,None,adenosylcobyric acid synthase (glutamine-hydrolysing)
PMN2A_0772,AAZ58263.1,None,conserved hypothetical protein
PMN2A_0774,AAZ58265.1,None,ABC-type Fe3+ transport system periplasmic component
PMN2A_0777,AAZ58268.1,None,cyanobacterial porin
PMN2A_0778,AAZ58269.1,None,glycyl-tRNA synthetase alpha chain
PMN2A_0784,AAZ58275.1,None,possible transcription regulator
PMN2A_0786,AAZ58277.1,None,conserved hypothetical protein
PMN2A_0787,AAZ58278.1,None,putative bacterioferritin comigratory protein
PMN2A_0788,AAZ58279.1,None,TPR repeat
PMN2A_0792,AAZ58283.1,None,"cytochrome b559, beta subunit"
PMN2A_0796,AAZ58287.1,None,conserved hypothetical protein
PMN2A_0797,AAZ58288.1,None,glycosyltransferase
PMN2A_0798,AAZ58289.1,None,"putative SMR family transporter, possible pecM-like protein"
PMN2A_0799,AAZ58290.1,None,"signal peptide peptidase A, Serine peptidase, MEROPS family S49"
PMN2A_0800,AAZ58291.1,None,chorismate mutase
PMN2A_0801,AAZ58292.1,None,conserved hypothetical protein
PMN2A_0803,AAZ58294.1,None,ribonuclease P protein
PMN2A_0804,AAZ58295.1,None,uncharacterized membrane protein
PMN2A_0805,AAZ58296.1,None,preprotein translocase subunit YidC
PMN2A_0806,AAZ58297.1,None,ATPase
PMN2A_0807,AAZ58298.1,None,seryl-tRNA synthetase
PMN2A_0808,AAZ58299.1,None,"Metallo peptidase, MEROPS family M50B"
PMN2A_0809,AAZ58300.1,None,SSU ribosomal protein S14P
PMN2A_0810,AAZ58301.1,None,RNA binding S1:KH
PMN2A_0811,AAZ58302.1,None,CysQ protein-like protein
PMN2A_0812,AAZ58303.1,None,Protein of unknown function UPF0011
PMN2A_0814,AAZ58305.1,None,conserved hypothetical protein
PMN2A_0816,AAZ58307.1,None,hypothetical protein
PMN2A_0819,AAZ58310.1,None,conserved hypothetical protein
PMN2A_0821,AAZ58312.1,None,phosphoribosylglycinamide formyltransferase
PMN2A_0825,AAZ58316.1,None,TPR repeat
PMN2A_0826,AAZ58317.1,None,aminotransferase
PMN2A_0827,AAZ58318.1,None,"possible copper binding proteins, plastocyanin"
PMN2A_0828,AAZ58319.1,None,"SOS-response transcriptional repressor, LexA"
PMN2A_0829,AAZ58320.1,None,ornithine carbamoyltransferase
PMN2A_0830,AAZ58321.1,None,membrane protease FtsH catalytic subunit
PMN2A_0831,AAZ58322.1,None,diaminohydroxyphosphoribosylaminopyrimidine deaminase / 5-amino-6-(5-phosphoribosylamino)uracil reductase
PMN2A_0832,AAZ58323.1,None,conserved hypothetical protein
PMN2A_0833,AAZ58324.1,None,hypothetical protein
PMN2A_0834,AAZ58325.1,None,SAM (and some other nucleotide) binding motif protein
PMN2A_0835,AAZ58326.1,None,NAD(+) kinase
PMN2A_0836,AAZ58327.1,None,"phenylalanyl-tRNA synthetase, alpha subunit"
PMN2A_0837,AAZ58328.1,None,exopolyphosphatase / 3'-nucleotidase / 5'-nucleotidase
PMN2A_0838,AAZ58329.1,None,uncharacterized membrane protein
PMN2A_0839,AAZ58330.1,None,riboflavin kinase / FMN adenylyltransferase
PMN2A_0840,AAZ58331.1,None,thiamine-phosphate diphosphorylase
PMN2A_0841,AAZ58332.1,None,"ThiS, thiamine-biosynthesis"
PMN2A_0842,AAZ58333.1,None,conserved hypothetical protein
PMN2A_0845,AAZ58336.1,None,circadian phase modifier CpmA-like protein
PMN2A_0846,AAZ58337.1,None,hypothetical protein
PMN2A_0847,AAZ58338.1,None,tRNA (Guanine37-N(1)-) methyltransferase
PMN2A_0848,AAZ58339.1,None,Small GTP-binding protein domain:GTP-binding:GTP-binding protein Era
PMN2A_0849,AAZ58340.1,None,conserved hypothetical protein
PMN2A_0850,AAZ58341.1,None,uncharacterized conserved membrane protein
PMN2A_0851,AAZ58342.1,None,phosphate starvation-inducible protein PhoH
PMN2A_0852,AAZ58343.1,None,SSU ribosomal protein S16P
PMN2A_0853,AAZ58344.1,None,signal recognition particle subunit FFH/SRP54 (srp54)
PMN2A_0854,AAZ58345.1,None,cell division protein Ftn2
PMN2A_0855,AAZ58346.1,None,pyruvate dehydrogenase (lipoamide)
PMN2A_0856,AAZ58347.1,None,DNA-directed RNA polymerase sigma subunit (sigma70/sigma32)
PMN2A_0858,AAZ58349.1,None,tRNA (5-methylaminomethyl-2-thiouridylate)-methyltransferase
PMN2A_0859,AAZ58350.1,None,apolipoprotein N-acyltransferase
PMN2A_0860,AAZ58351.1,None,FKBP-type peptidyl-prolyl cis-trans isomerase (PPIase)
PMN2A_0863,AAZ58354.1,None,indole-3-glycerol phosphate synthase
PMN2A_0864,AAZ58355.1,None,dihydrolipoamide dehydrogenase
PMN2A_0865,AAZ58356.1,None,tRNA/rRNA methyltransferase (SpoU)
PMN2A_0866,AAZ58357.1,None,UDP-N-acetylglucosamine 1-carboxyvinyltransferase
PMN2A_0867,AAZ58358.1,None,acetylornithine aminotransferase apoenzyme
PMN2A_0868,AAZ58359.1,None,folylpolyglutamate synthetase
PMN2A_0869,AAZ58360.1,None,FAD/FMN-containing dehydrogenase
PMN2A_0870,AAZ58361.1,None,possible cytosine deaminase
PMN2A_0871,AAZ58362.1,None,tRNA-i(6)A37 thiotransferase enzyme MiaB
PMN2A_0872,AAZ58363.1,None,D-alanine--D-alanine ligase
PMN2A_0873,AAZ58364.1,None,uncharacterized secreted or membrane protein
PMN2A_0874,AAZ58365.1,None,cell division protein FtsQ
PMN2A_0875,AAZ58366.1,None,cell division protein FtsZ
PMN2A_0876,AAZ58367.1,None,ketopantoate hydroxymethyltransferase
PMN2A_0877,AAZ58368.1,None,"coproporphyrinogen III oxidase, anaerobic"
PMN2A_0878,AAZ58369.1,None,"Nucleotide binding protein, PINc"
PMN2A_0879,AAZ58370.1,None,endopeptidase Clp
PMN2A_0880,AAZ58371.1,None,ATP-dependent Clp protease proteolytic subunit ClpP
PMN2A_0881,AAZ58372.1,None,ketol-acid reductoisomerase
PMN2A_0882,AAZ58373.1,None,adenosylcobinamide-phosphate synthase
PMN2A_0883,AAZ58374.1,None,undecaprenyl-phosphate galactosephosphotransferase
PMN2A_0892,AAZ58383.1,None,bacterial nucleoid protein Hbs
PMN2A_0893,AAZ58384.1,None,isoamylase
PMN2A_0894,AAZ58385.1,None,Na+/galactoside symporter
PMN2A_0895,AAZ58386.1,None,Protein of unknown function DUF140
PMN2A_0896,AAZ58387.1,None,uncharacterized membrane protein
PMN2A_0897,AAZ58388.1,None,conserved hypothetical protein
PMN2A_0898,AAZ58389.1,None,acyl-phosphate glycerol-3-phosphate acyltransferase
PMN2A_0899,AAZ58390.1,None,orotidine-5'-phosphate decarboxylase
PMN2A_0900,AAZ58391.1,None,tyrosyl-tRNA synthetase
PMN2A_0901,AAZ58392.1,None,conserved hypothetical protein
PMN2A_0902,AAZ58393.1,None,cyanobacteria-specific protein containing UvrC-like endonuclease domain
PMN2A_0903,AAZ58394.1,None,"leucyl aminopeptidase, Metallo peptidase, MEROPS family M17"
PMN2A_0904,AAZ58395.1,None,methionine sulfoxide reductase A
PMN2A_0905,AAZ58396.1,None,lipid-A-disaccharide synthase
PMN2A_0906,AAZ58397.1,None,acyl-[acyl-carrier-protein
PMN2A_0907,AAZ58398.1,None,3-hydroxyacyl-[acyl-carrier-protein
PMN2A_0908,AAZ58399.1,None,UDP-3-O-[3-hydroxymyristoyl
PMN2A_0909,AAZ58400.1,None,"probable import-associated channel, putative chloroplast protein IAP75"
PMN2A_0910,AAZ58401.1,None,phosphoribosylaminoimidazole-succinocarboxamide synthase
PMN2A_0911,AAZ58402.1,None,phosphoribosylamine--glycine ligase
PMN2A_0912,AAZ58403.1,None,multi-sensor signal transduction histidine kinase
PMN2A_0913,AAZ58404.1,None,circadian clock protein KaiC
PMN2A_0914,AAZ58405.1,None,possible circadian oscillation regulator KaiB
PMN2A_0915,AAZ58406.1,None,LSU ribosomal protein L21P
PMN2A_0916,AAZ58407.1,None,LSU ribosomal protein L27P
PMN2A_0917,AAZ58408.1,None,SAM-dependent methyltransferase
PMN2A_0918,AAZ58409.1,None,tRNA pseudouridine synthase B
PMN2A_0919,AAZ58410.1,None,possible sporulation protein SpoIID
PMN2A_0920,AAZ58411.1,None,RNAse Z
PMN2A_0921,AAZ58412.1,None,secreted pentapeptide repeats protein
PMN2A_0923,AAZ58414.1,None,conserved hypothetical protein
PMN2A_0924,AAZ58415.1,None,"ferredoxin (2Fe-2S), plant"
PMN2A_0925,AAZ58416.1,None,[LSU ribosomal protein L11P
PMN2A_0926,AAZ58417.1,None,D-3-phosphoglycerate dehydrogenase
PMN2A_0927,AAZ58418.1,None,uncharacterized conserved membrane protein
PMN2A_0928,AAZ58419.1,None,RNA-binding S4
PMN2A_0929,AAZ58420.1,None,UDP-N-acetylmuramoylalanine--D-glutamate ligase
PMN2A_0933,AAZ58424.1,None,conserved hypothetical protein
PMN2A_0943,AAZ58434.1,None,conserved hypothetical protein
PMN2A_0944,AAZ58435.1,None,redox protein
PMN2A_0950,AAZ58441.1,None,ATPase
PMN2A_0955,AAZ58446.1,None,TPR repeat
PMN2A_0960,AAZ58451.1,None,conserved hypothetical protein
PMN2A_0961,AAZ58452.1,None,conserved hypothetical protein
PMN2A_0962,AAZ58453.1,None,conserved hypothetical protein
PMN2A_0963,AAZ58454.1,None,putative DNA-directed RNA polymerase (omega chain)
PMN2A_0964,AAZ58455.1,None,molecular chaperone DnaK
PMN2A_0966,AAZ58456.1,None,phosphoglycerate mutase
PMN2A_0967,AAZ58457.1,None,Preprotein translocase SecG subunit
PMN2A_0968,AAZ58458.1,None,chaperonin Cpn60/TCP-1
PMN2A_0969,AAZ58459.1,None,Co-chaperonin GroES
PMN2A_0970,AAZ58460.1,None,ATP synthase F1 subcomplex beta subunit
PMN2A_0971,AAZ58461.1,None,ATP synthase F1 subcomplex epsilon subunit
PMN2A_0972,AAZ58462.1,None,conserved hypothetical protein
PMN2A_0973,AAZ58463.1,None,"aminopeptidase P, Metallo peptidase, MEROPS family M24B"
PMN2A_0974,AAZ58464.1,None,membrane associated SBC domains
PMN2A_0975,AAZ58465.1,None,Small GTP-binding protein domain
PMN2A_0976,AAZ58466.1,None,putative nicotinate-nucleotide adenylyltransferase
PMN2A_0977,AAZ58467.1,None,NAD+ synthase
PMN2A_0978,AAZ58468.1,None,uncharacterized membrane protein
PMN2A_0980,AAZ58470.1,None,ATP synthase F1 subcomplex gamma subunit
PMN2A_0981,AAZ58471.1,None,ATP synthase F1 subcomplex alpha subunit
PMN2A_0982,AAZ58472.1,None,ATP synthase F1 subcomplex delta subunit
PMN2A_0983,AAZ58473.1,None,"ATP synthase F0, subunit B"
PMN2A_0984,AAZ58474.1,None,ATP synthase F0 subcomplex B' subunit
PMN2A_0985,AAZ58475.1,None,ATP synthase F0 subcomplex C subunit
PMN2A_0986,AAZ58476.1,None,ATP synthase F0 subcomplex A subunit
PMN2A_0987,AAZ58477.1,None,uncharacterized membrane protein
PMN2A_0988,AAZ58478.1,None,cell division protein FtsW
PMN2A_0989,AAZ58479.1,None,putative c-type cytochrome biogenesis protein CcdA
PMN2A_0990,AAZ58480.1,None,putative c-type cytochrome biogenesis protein Ccs1
PMN2A_0991,AAZ58481.1,None,GTP cyclohydrolase I family enzyme
PMN2A_0992,AAZ58482.1,None,conserved hypothetical protein
PMN2A_0993,AAZ58483.1,None,nitrogen regulatory protein P-II
PMN2A_0994,AAZ58484.1,None,hemolysin A
PMN2A_0995,AAZ58485.1,None,conserved hypothetical protein
PMN2A_0996,AAZ58486.1,None,Adenylosuccinate lyase
PMN2A_0997,AAZ58487.1,None,fumarase
PMN2A_0999,AAZ58489.1,None,putative 8-amino-7-oxononanoate synthase
PMN2A_1000,AAZ58490.1,None,alpha/beta hydrolase family protein
PMN2A_1001,AAZ58491.1,None,SAM dependent methyltransferase
PMN2A_1002,AAZ58492.1,None,dethiobiotin synthase
PMN2A_1003,AAZ58493.1,None,adenosylmethionine-8-amino-7-oxononanoate aminotransferase apoenzyme
PMN2A_1004,AAZ58494.1,None,"Heat shock protein DnaJ, N-terminal protein"
PMN2A_1005,AAZ58495.1,None,16S rRNA m(7)G-527 methyltransferase
PMN2A_1006,AAZ58496.1,None,conserved hypothetical protein
PMN2A_1007,AAZ58497.1,None,ferredoxin
PMN2A_1008,AAZ58498.1,None,conserved hypothetical protein
PMN2A_1009,AAZ58499.1,None,conserved hypothetical protein
PMN2A_1010,AAZ58500.1,None,PBS lyase HEAT-like repeat
PMN2A_1011,AAZ58501.1,None,Na+/proline symporter
PMN2A_1012,AAZ58502.1,None,23S rRNA m(2)A-2503 methyltransferase
PMN2A_1013,AAZ58503.1,None,high light inducible protein hli2
PMN2A_1014,AAZ58504.1,None,HPr serine phosphorylation site
PMN2A_1015,AAZ58505.1,None,DNA-directed RNA polymerase gamma chain
PMN2A_1016,AAZ58506.1,None,DNA-directed RNA polymerase subunit beta
PMN2A_1017,AAZ58507.1,None,TatD-related deoxyribonuclease
PMN2A_1018,AAZ58508.1,None,SSU ribosomal protein S20P
PMN2A_1019,AAZ58509.1,None,histidinol dehydrogenase
PMN2A_1020,AAZ58510.1,None,ribose-5-phosphate isomerase
PMN2A_1021,AAZ58511.1,None,PDZ/DHR/GLGF protein
PMN2A_1022,AAZ58512.1,None,conserved hypothetical protein
PMN2A_1023,AAZ58513.1,None,transcription termination factor NusA
PMN2A_1024,AAZ58514.1,None,nucleic-acid-binding protein implicated in transcription termination
PMN2A_1025,AAZ58515.1,None,bacterial translation initiation factor 2 (bIF-2)
PMN2A_1027,AAZ58517.1,None,GTP cyclohydrolase I
PMN2A_1028,AAZ58518.1,None,cyanobacterial porin
PMN2A_1030,AAZ58520.1,None,conserved hypothetical protein
PMN2A_1032,AAZ58522.1,None,ABC-type Mn2+/Zn2+ transport system permease components
PMN2A_1033,AAZ58523.1,None,Fe2+/Zn2+ uptake regulation protein
PMN2A_1034,AAZ58524.1,None,ATPase
PMN2A_1037,AAZ58527.1,None,"putative GTPase, G3E family"
PMN2A_1039,AAZ58529.1,None,possible trypsin
PMN2A_1040,AAZ58530.1,None,conserved hypothetical protein
PMN2A_1041,AAZ58531.1,None,conserved hypothetical protein
PMN2A_1042,AAZ58532.1,None,redox protein
PMN2A_1044,AAZ58534.1,None,urea ABC transporter ATP-binding protein
PMN2A_1045,AAZ58535.1,None,urea ABC transporter ATP-binding protein
PMN2A_1048,AAZ58538.1,None,urea-binding protein
PMN2A_1056,AAZ58546.1,None,conserved hypothetical protein
PMN2A_1057,AAZ58547.1,None,porin-like protein
PMN2A_1059,AAZ58549.1,None,RNA-binding region RNP-1 (RNA recognition motif)
PMN2A_1060,AAZ58550.1,None,SSU ribosomal protein S21P
PMN2A_1061,AAZ58551.1,None,conserved hypothetical protein
PMN2A_1062,AAZ58552.1,None,uncharacterized AbrB family conserved membrane protein
PMN2A_1063,AAZ58553.1,None,Elongator protein 3/MiaB/NifB
PMN2A_1065,AAZ58555.1,None,conserved hypothetical protein
PMN2A_1066,AAZ58556.1,None,LL-diaminopimelate aminotransferase apoenzyme
PMN2A_1067,AAZ58557.1,None,RNAse E
PMN2A_1068,AAZ58558.1,None,RNase HII
PMN2A_1069,AAZ58559.1,None,conserved hypothetical protein
PMN2A_1070,AAZ58560.1,None,prephenate dehydratase
PMN2A_1071,AAZ58561.1,None,UbiE/COQ5 family methyltransferase
PMN2A_1072,AAZ58562.1,None,"peptidase S16, lon N-terminal protein"
PMN2A_1073,AAZ58563.1,None,SSU ribosomal protein S10P
PMN2A_1074,AAZ58564.1,None,translation elongation factor 1A (EF-1A/EF-Tu)
PMN2A_1075,AAZ58565.1,None,translation elongation factor 2 (EF-2/EF-G)
PMN2A_1076,AAZ58566.1,None,SSU ribosomal protein S7P
PMN2A_1077,AAZ58567.1,None,SSU ribosomal protein S12P
PMN2A_1078,AAZ58568.1,None,glutamate synthase (ferredoxin)
PMN2A_1079,AAZ58569.1,None,uncharacterized YCII family conserved protein
PMN2A_1080,AAZ58570.1,None,lipoate synthase
PMN2A_1081,AAZ58571.1,None,precorrin-3 methyltransferase
PMN2A_1082,AAZ58572.1,None,photosystem I psaA
PMN2A_1083,AAZ58573.1,None,photosystem I psaB
PMN2A_1084,AAZ58574.1,None,photosystem I PsaL protein (subunit XI)
PMN2A_1086,AAZ58576.1,None,conserved hypothetical protein
PMN2A_1087,AAZ58577.1,None,glycosyltransferase
PMN2A_1088,AAZ58578.1,None,cell wall-associated hydrolase
PMN2A_1089,AAZ58579.1,None,beta-lactamase superfamily protein
PMN2A_1092,AAZ58582.1,None,TPR repeat
PMN2A_1093,AAZ58583.1,None,TPR repeat
PMN2A_1094,AAZ58584.1,None,TPR repeat
PMN2A_1098,AAZ58588.1,None,alanine racemase
PMN2A_1099,AAZ58589.1,None,HNH nuclease
PMN2A_1100,AAZ58590.1,None,bacterial peptide chain release factor 1 (bRF-1)
PMN2A_1101,AAZ58591.1,None,LSU ribosomal protein L31P
PMN2A_1102,AAZ58592.1,None,SSU ribosomal protein S9P
PMN2A_1103,AAZ58593.1,None,LSU ribosomal protein L13P
PMN2A_1104,AAZ58594.1,None,tRNA pseudouridine synthase
PMN2A_1105,AAZ58595.1,None,LSU ribosomal protein L17P
PMN2A_1106,AAZ58596.1,None,DNA-directed RNA polymerase subunit alpha
PMN2A_1107,AAZ58597.1,None,SSU ribosomal protein S11P
PMN2A_1108,AAZ58598.1,None,SSU ribosomal protein S13P
PMN2A_1110,AAZ58600.1,None,Adenylate kinase
PMN2A_1111,AAZ58601.1,None,protein translocase subunit secY/sec61 alpha
PMN2A_1112,AAZ58602.1,None,LSU ribosomal protein L15P
PMN2A_1113,AAZ58603.1,None,SSU ribosomal protein S5P
PMN2A_1114,AAZ58604.1,None,LSU ribosomal protein L18P
PMN2A_1115,AAZ58605.1,None,LSU ribosomal protein L6P
PMN2A_1116,AAZ58606.1,None,SSU ribosomal protein S8P
PMN2A_1117,AAZ58607.1,None,LSU ribosomal protein L5P
PMN2A_1118,AAZ58608.1,None,LSU ribosomal protein L24P
PMN2A_1119,AAZ58609.1,None,LSU ribosomal protein L14P
PMN2A_1120,AAZ58610.1,None,SSU ribosomal protein S17P
PMN2A_1121,AAZ58611.1,None,LSU ribosomal protein L29P
PMN2A_1122,AAZ58612.1,None,LSU ribosomal protein L16P
PMN2A_1123,AAZ58613.1,None,SSU ribosomal protein S3P
PMN2A_1124,AAZ58614.1,None,LSU ribosomal protein L22P
PMN2A_1125,AAZ58615.1,None,SSU ribosomal protein S19P
PMN2A_1126,AAZ58616.1,None,LSU ribosomal protein L2P
PMN2A_1127,AAZ58617.1,None,LSU ribosomal protein L23P
PMN2A_1128,AAZ58618.1,None,LSU ribosomal protein L4P
PMN2A_1129,AAZ58619.1,None,LSU ribosomal protein L3P
PMN2A_1130,AAZ58620.1,None,NADH dehydrogenase I subunit N
PMN2A_1131,AAZ58621.1,None,conserved hypothetical protein
PMN2A_1132,AAZ58622.1,None,HAD superfamily hydrolase
PMN2A_1133,AAZ58623.1,None,RecA protein
PMN2A_1134,AAZ58624.1,None,conserved hypothetical protein
PMN2A_1135,AAZ58625.1,None,conserved hypothetical protein
PMN2A_1136,AAZ58626.1,None,arogenate dehydrogenase (NADP)
PMN2A_1137,AAZ58627.1,None,UDP-galactopyranose mutase
PMN2A_1139,AAZ58629.1,None,conserved hypothetical protein
PMN2A_1141,AAZ58631.1,None,rhodanese-like protein
PMN2A_1142,AAZ58632.1,None,"cob(I)yrinic acid a,c-diamide adenosyltransferase"
PMN2A_1143,AAZ58633.1,None,Conserved hypothetical protein 268
PMN2A_1144,AAZ58634.1,None,adenosylmethionine decarboxylase proenzyme
PMN2A_1145,AAZ58635.1,None,DNA replication and repair protein RecF
PMN2A_1146,AAZ58636.1,None,GNAT family acetyltransferase
PMN2A_1147,AAZ58637.1,None,Phosphoenolpyruvate carboxylase
PMN2A_1148,AAZ58638.1,None,"glutamate--cysteine ligase, putative"
PMN2A_1149,AAZ58639.1,None,"anthranilate synthase, component I"
PMN2A_1150,AAZ58640.1,None,photosystem I protein PsaD
PMN2A_1151,AAZ58641.1,None,signal transduction histidine kinase
PMN2A_1152,AAZ58642.1,None,bacterial cell division membrane protein
PMN2A_1153,AAZ58643.1,None,ATPase
PMN2A_1154,AAZ58644.1,None,coproporphyrinogen oxidase
PMN2A_1155,AAZ58645.1,None,dehydrogenase
PMN2A_1156,AAZ58646.1,None,uncharacterized membrane protein
PMN2A_1157,AAZ58647.1,None,3'-5' exonuclease
PMN2A_1158,AAZ58648.1,None,conserved hypothetical protein
PMN2A_1159,AAZ58649.1,None,conserved hypothetical protein
PMN2A_1162,AAZ58652.1,None,oxidoreductase
PMN2A_1163,AAZ58653.1,None,possible conserved carboxylase domain
PMN2A_1164,AAZ58654.1,None,phosphoribosylformylglycinamidine cyclo-ligase
PMN2A_1165,AAZ58655.1,None,cytidylate kinase
PMN2A_1166,AAZ58656.1,None,protein tyrosine phosphatase
PMN2A_1167,AAZ58657.1,None,phycoerythrobilin:ferredoxin oxidoreductase PebB
PMN2A_1168,AAZ58658.1,None,phycoerythrobilin:ferredoxin oxidoreductase
PMN2A_1169,AAZ58659.1,None,heme oxygenase (decyclizing)
PMN2A_1170,AAZ58660.1,None,isocitrate dehydrogenase (NADP)
PMN2A_1173,AAZ58663.1,None,conserved hypothetical protein
PMN2A_1174,AAZ58664.1,None,alpha/beta superfamily hydrolase
PMN2A_1175,AAZ58665.1,None,"sodium/proton antiporter NhaS3, CPA2 family"
PMN2A_1176,AAZ58666.1,None,glycogen/starch/alpha-glucan phosphorylase
PMN2A_1177,AAZ58667.1,None,conserved hypothetical protein
PMN2A_1178,AAZ58668.1,None,conserved hypothetical protein
PMN2A_1179,AAZ58669.1,None,RNAse III
PMN2A_1180,AAZ58670.1,None,conserved hypothetical protein
PMN2A_1181,AAZ58671.1,None,16S rRNA processing protein RimM
PMN2A_1182,AAZ58672.1,None,"mannose-6-phosphate isomerase, type 2 / mannose-1-phosphate guanylyltransferase (GDP)"
PMN2A_1183,AAZ58673.1,None,glutamine--fructose-6-phosphate transaminase
PMN2A_1184,AAZ58674.1,None,photosystem I iron-sulfur center subunit VII (PsaC)
PMN2A_1185,AAZ58675.1,None,Acyl carrier protein (ACP)
PMN2A_1186,AAZ58676.1,None,3-oxoacyl-[acyl-carrier-protein
PMN2A_1187,AAZ58677.1,None,transketolase
PMN2A_1188,AAZ58678.1,None,hydroxymethylpyrimidine synthase
PMN2A_1190,AAZ58680.1,None,"peptidase M20D, amidohydrolase"
PMN2A_1191,AAZ58681.1,None,TPR repeat
PMN2A_1192,AAZ58682.1,None,Holliday junction DNA helicase subunit RuvB
PMN2A_1193,AAZ58683.1,None,SsrA-binding protein
PMN2A_1194,AAZ58684.1,None,conserved hypothetical protein
PMN2A_1195,AAZ58685.1,None,"lysyl-tRNA synthetase, class-2"
PMN2A_1196,AAZ58686.1,None,"two component transcriptional regulator, winged helix family"
PMN2A_1197,AAZ58687.1,None,conserved hypothetical protein
PMN2A_1198,AAZ58688.1,None,rod shape-determining protein MreC
PMN2A_1199,AAZ58689.1,None,Cell shape determining protein MreB/Mrl
PMN2A_1200,AAZ58690.1,None,single-strand binding protein
PMN2A_1201,AAZ58691.1,None,DedA family; putative alkaline phosphatase-like protein
PMN2A_1202,AAZ58692.1,None,adenosylhomocysteinase
PMN2A_1203,AAZ58693.1,None,Protein of unknown function UPF0079
PMN2A_1204,AAZ58694.1,None,putative carbohydrate kinase
PMN2A_1205,AAZ58695.1,None,A/G-specific DNA-adenine glycosylase
PMN2A_1206,AAZ58696.1,None,hydrolase
PMN2A_1207,AAZ58697.1,None,"type II alternative RNA polymerase sigma factor, sigma-70 family"
PMN2A_1208,AAZ58698.1,None,divalent cation transporter
PMN2A_1209,AAZ58699.1,None,glutathione peroxidase
PMN2A_1211,AAZ58701.1,None,camphor resistance protein CrcB
PMN2A_1213,AAZ58703.1,None,DNA gyrase subunit B
PMN2A_1214,AAZ58704.1,None,tRNA isopentenyltransferase
PMN2A_1215,AAZ58705.1,None,bacterial translation initiation factor 3 (bIF-3)
PMN2A_1216,AAZ58706.1,None,"transcriptional regulator, GntR family"
PMN2A_1219,AAZ58709.1,None,putative ABC-type polysaccharide/polyol phosphate transport system ATPase component
PMN2A_1220,AAZ58710.1,None,protein translocase subunit secA
PMN2A_1223,AAZ58713.1,None,conserved hypothetical protein
PMN2A_1224,AAZ58714.1,None,ATPase
PMN2A_1225,AAZ58715.1,None,possible transporter component
PMN2A_1231,AAZ58721.1,None,acetyltransferase
PMN2A_1232,AAZ58722.1,None,TPR repeat
PMN2A_1233,AAZ58723.1,None,TPR repeat
PMN2A_1236,AAZ58726.1,None,"dTDP-glucose 4,6-dehydratase"
PMN2A_1241,AAZ58731.1,None,"6,7-dimethyl-8-ribityllumazine synthase"
PMN2A_1243,AAZ58733.1,None,DNA mismatch repair protein MutS
PMN2A_1244,AAZ58734.1,None,precorrin-8X methylmutase
PMN2A_1245,AAZ58735.1,None,"DNA polymerase III, delta subunit"
PMN2A_1246,AAZ58736.1,None,aspartate kinase
PMN2A_1247,AAZ58737.1,None,Excinuclease ABC subunit B
PMN2A_1248,AAZ58738.1,None,cyanobacteria-specific enzyme from dihydropteroate synthase family
PMN2A_1249,AAZ58739.1,None,Aromatic amino acid beta-eliminating lyase/threonine aldolase
PMN2A_1250,AAZ58740.1,None,Conserved hypothetical protein MG423
PMN2A_1251,AAZ58741.1,None,dihydrodipicolinate synthase
PMN2A_1252,AAZ58742.1,None,aspartate semialdehyde dehydrogenase
PMN2A_1253,AAZ58743.1,None,trigger factor
PMN2A_1254,AAZ58744.1,None,ATP-dependent Clp protease proteolytic subunit ClpP
PMN2A_1255,AAZ58745.1,None,ATP-dependent Clp protease ATP-binding subunit ClpX
PMN2A_1256,AAZ58746.1,None,"DNA polymerase III, tau subunit"
PMN2A_1257,AAZ58747.1,None,"glycosyl transferase, family 2"
PMN2A_1258,AAZ58748.1,None,SpoIID protein-like protein
PMN2A_1259,AAZ58749.1,None,LSU ribosomal protein L35P
PMN2A_1260,AAZ58750.1,None,LSU ribosomal protein L20P
PMN2A_1261,AAZ58751.1,None,TPR repeat
PMN2A_1262,AAZ58752.1,None,thiazole-phosphate synthase
PMN2A_1264,AAZ58754.1,None,UDP-sulfoquinovose synthase
PMN2A_1265,AAZ58755.1,None,glycosyltransferase
PMN2A_1266,AAZ58756.1,None,conserved hypothetical protein
PMN2A_1267,AAZ58757.1,None,glycine dehydrogenase (decarboxylating) beta subunit / glycine dehydrogenase (decarboxylating) alpha subunit
PMN2A_1268,AAZ58758.1,None,Glycine cleavage H-protein
PMN2A_1269,AAZ58759.1,None,PLP-dependent enzyme
PMN2A_1271,AAZ58761.1,None,Delta-9 acyl-phospholipid desaturase
PMN2A_1272,AAZ58762.1,None,LSU ribosomal protein L9P
PMN2A_1273,AAZ58763.1,None,primary replicative DNA helicase
PMN2A_1274,AAZ58764.1,None,Glucose-inhibited division protein A subfamily
PMN2A_1275,AAZ58765.1,None,conserved hypothetical protein
PMN2A_1276,AAZ58766.1,None,conserved hypothetical protein
PMN2A_1277,AAZ58767.1,None,Protein of unknown function SprT
PMN2A_1278,AAZ58768.1,None,membrane protein
PMN2A_1279,AAZ58769.1,None,NAD-dependent DNA ligase
PMN2A_1280,AAZ58770.1,None,uncharacterized conserved membrane protein
PMN2A_1281,AAZ58771.1,None,valyl-tRNA synthetase
PMN2A_1282,AAZ58772.1,None,conserved hypothetical protein
PMN2A_1283,AAZ58773.1,None,conserved hypothetical protein
PMN2A_1284,AAZ58774.1,None,"possible AIR synthase related protein, C-termi"
PMN2A_1285,AAZ58775.1,None,MazG
PMN2A_1286,AAZ58776.1,None,spermidine synthase
PMN2A_1287,AAZ58777.1,None,agmatinase
PMN2A_1289,AAZ58779.1,None,Glycine cleavage system T protein
PMN2A_1290,AAZ58780.1,None,aspartyl-tRNA synthetase
PMN2A_1291,AAZ58781.1,None,CTP synthase
PMN2A_1292,AAZ58782.1,None,possible organic radical activating enzyme
PMN2A_1293,AAZ58783.1,None,preQ(0) biosynthesis protein QueC
PMN2A_1294,AAZ58784.1,None,"anthranilate synthase, component I"
PMN2A_1295,AAZ58785.1,None,aminotransferases class-IV
PMN2A_1296,AAZ58786.1,None,uroporphyrinogen-III C-methyltransferase
PMN2A_1297,AAZ58787.1,None,"possible DNA mismatch repair proteins, mutS fa"
PMN2A_1298,AAZ58788.1,None,assimilatory nitrite reductase (ferredoxin) precursor
PMN2A_1300,AAZ58790.1,None,possible homeobox domain
PMN2A_1301,AAZ58791.1,None,unknown
PMN2A_1302,AAZ58792.1,None,"Acetyltransferase, GNAT family"
PMN2A_1303,AAZ58793.1,None,permease of the major facilitator superfamily
PMN2A_1304,AAZ58794.1,None,polyphosphate kinase
PMN2A_1305,AAZ58795.1,None,"type II alternative RNA polymerase sigma factor, sigma-70 family"
PMN2A_1306,AAZ58796.1,None,conserved hypothetical protein
PMN2A_1307,AAZ58797.1,None,3-deoxy-D-arabinoheptulosonate-7-phosphate synthase
PMN2A_1308,AAZ58798.1,None,aconitase
PMN2A_2187,ABU24106.1,None,Hypothetical protein
PMN2A_1311,AAZ58800.1,None,formyltetrahydrofolate deformylase
PMN2A_1312,AAZ58801.1,None,FAD dependent oxidoreductase
PMN2A_1313,AAZ58802.1,None,Heat shock protein Hsp70
PMN2A_1314,AAZ58803.1,None,shikimate dehydrogenase
PMN2A_1315,AAZ58804.1,None,conserved hypothetical protein
PMN2A_1316,AAZ58805.1,None,SSU ribosomal protein S6P
PMN2A_1317,AAZ58806.1,None,argininosuccinate synthase
PMN2A_1319,AAZ58808.1,None,conserved hypothetical protein
PMN2A_1320,AAZ58809.1,None,Phospho-N-acetylmuramoyl-pentapeptide-transferase
PMN2A_1321,AAZ58810.1,None,conserved hypothetical protein
PMN2A_1322,AAZ58811.1,None,sucrose-phosphate synthase
PMN2A_1323,AAZ58812.1,None,Excinuclease ABC subunit A
PMN2A_1324,AAZ58813.1,None,DNA replication and repair protein RecN
PMN2A_1325,AAZ58814.1,None,possible protein kinase:ABC1 family
PMN2A_1326,AAZ58815.1,None,conserved hypothetical protein
PMN2A_1327,AAZ58816.1,None,L-threonine synthase
