[locus_tag=PMT9312_0030],[protein_id=ABB49091.1],[gene=None],[protein=transcription factor TFIID (or TatA-b)-like protein]
[locus_tag=PMT9312_0039],[protein_id=ABB49100.1],[gene=None],[protein=conserved hypothetical protein]
[locus_tag=PMT9312_1970],[protein_id=ABS83085.1],[gene=None],[protein=Conserved hypothetical protein]
[locus_tag=PMT9312_1971],[protein_id=ABS83086.1],[gene=None],[protein=Conserved hypothetical protein]
[locus_tag=PMT9312_1972],[protein_id=ABS83087.1],[gene=None],[protein=Conserved hypothetical protein]
[locus_tag=PMT9312_0057],[protein_id=ABB49118.1],[gene=None],[protein=conserved hypothetical protein]
[locus_tag=PMT9312_0064],[protein_id=ABB49125.1],[gene=None],[protein=hypothetical protein]
[locus_tag=PMT9312_0068],[protein_id=ABB49129.1],[gene=None],[protein=conserved hypothetical protein]
[locus_tag=PMT9312_0081],[protein_id=ABB49142.1],[gene=None],[protein=4'-phosphopantetheinyl transferase family protein-like protein]
[locus_tag=PMT9312_0092],[protein_id=ABB49153.1],[gene=None],[protein=hypothetical protein]
[locus_tag=PMT9312_1973],[protein_id=ABS83088.1],[gene=None],[protein=Conserved hypothetical protein]
[locus_tag=PMT9312_1974],[protein_id=ABS83089.1],[gene=None],[protein=Conserved hypothetical protein]
[locus_tag=PMT9312_0098],[protein_id=ABB49159.1],[gene=None],[protein=conserved hypothetical protein]
[locus_tag=PMT9312_1975],[protein_id=ABS83090.1],[gene=None],[protein=Conserved hypothetical protein]
[locus_tag=PMT9312_1976],[protein_id=ABS83091.1],[gene=None],[protein=Conserved hypothetical protein]
[locus_tag=PMT9312_0114],[protein_id=ABB49176.1],[gene=None],[protein=conserved hypothetical protein]
[locus_tag=PMT9312_0129],[protein_id=ABB49191.1],[gene=None],[protein=signal peptide binding domain-like protein]
[locus_tag=PMT9312_1977],[protein_id=ABS83092.1],[gene=None],[protein=Conserved hypothetical protein]
[locus_tag=PMT9312_0164],[protein_id=ABB49226.1],[gene=None],[protein=hypothetical precursor]
[locus_tag=PMT9312_0212],[protein_id=ABB49274.1],[gene=None],[protein=repeat motif protein bdrA3-like protein]
[locus_tag=PMT9312_0214],[protein_id=ABB49276.1],[gene=None],"[protein=nitrogen regulatory protein P-II (GlnB, GlnK)]"
[locus_tag=PMT9312_0215],[protein_id=ABB49277.1],[gene=None],[protein=putative sodium-dependent bicarbonate transporter]
[locus_tag=PMT9312_0239],[protein_id=ABB49300.1],[gene=None],[protein=conserved hypothetical protein]
[locus_tag=PMT9312_0245],[protein_id=ABB49306.1],[gene=None],[protein=Thymidylate synthase complementing protein ThyX]
[locus_tag=PMT9312_0289],[protein_id=ABB49350.1],[gene=None],[protein=2-amino-4-hydroxy-6-hydroxymethyldihydropteridine pyrophosphokinase]
[locus_tag=PMT9312_1818],[protein_id=ABS83094.1],[gene=None],[protein=Conserved hypothetical protein]
[locus_tag=PMT9312_0309],[protein_id=ABB49370.1],[gene=None],[protein=conserved hypothetical protein]
[locus_tag=PMT9312_0312],[protein_id=ABB49373.1],[gene=None],[protein=hypothetical protein]
[locus_tag=PMT9312_0313],[protein_id=ABB49374.1],[gene=None],[protein=conserved hypothetical protein]
[locus_tag=PMT9312_0314],[protein_id=ABB49375.1],[gene=None],[protein=conserved hypothetical protein]
[locus_tag=PMT9312_0315],[protein_id=ABB49376.1],[gene=None],[protein=carbamoyltransferase]
[locus_tag=PMT9312_0323],[protein_id=ABB49384.1],[gene=None],[protein=photosystem II reaction center M protein (PsbM)-like protein]
[locus_tag=PMT9312_1819],[protein_id=ABS83095.1],[gene=None],[protein=Conserved hypothetical protein]
[locus_tag=PMT9312_1820],[protein_id=ABS83096.1],[gene=None],[protein=Conserved hypothetical protein]
[locus_tag=PMT9312_0340],[protein_id=ABB49401.1],[gene=None],[protein=NADH-plastoquinone oxidoreductase chain 5-like protein]
[locus_tag=PMT9312_1821],[protein_id=ABS83097.1],[gene=None],[protein=Conserved hypothetical protein]
[locus_tag=PMT9312_0342],[protein_id=ABB49403.1],[gene=None],[protein=hypothetical protein]
[locus_tag=PMT9312_1822],[protein_id=ABS83098.1],[gene=None],[protein=Conserved hypothetical protein]
[locus_tag=PMT9312_1823],[protein_id=ABS83099.1],[gene=None],[protein=Conserved hypothetical protein]
[locus_tag=PMT9312_1824],[protein_id=ABS83100.1],[gene=None],[protein=Conserved hypothetical protein]
[locus_tag=PMT9312_0348],[protein_id=ABB49409.1],[gene=None],[protein=helper component proteinase-like protein]
[locus_tag=PMT9312_0349],[protein_id=ABB49410.1],[gene=None],[protein=conserved hypothetical protein]
[locus_tag=PMT9312_0351],[protein_id=ABB49412.1],[gene=None],[protein=protein family PM-16]
[locus_tag=PMT9312_0352],[protein_id=ABB49413.1],[gene=None],[protein=influenza non-structural protein (NS2)-like protein]
[locus_tag=PMT9312_1825],[protein_id=ABS83101.1],[gene=None],[protein=Conserved hypothetical protein]
[locus_tag=PMT9312_1826],[protein_id=ABS83102.1],[gene=None],[protein=Conserved hypothetical protein]
[locus_tag=PMT9312_0356],[protein_id=ABB49417.1],[gene=None],[protein=spectrin repeat protein-like protein]
[locus_tag=PMT9312_1827],[protein_id=ABS83103.1],[gene=None],[protein=Conserved hypothetical protein]
[locus_tag=PMT9312_1828],[protein_id=ABS83104.1],[gene=None],[protein=Conserved hypothetical protein]
[locus_tag=PMT9312_1829],[protein_id=ABS83105.1],[gene=None],[protein=Conserved hypothetical protein]
[locus_tag=PMT9312_1830],[protein_id=ABS83106.1],[gene=None],[protein=Conserved hypothetical protein]
[locus_tag=PMT9312_0360],[protein_id=ABB49421.1],[gene=None],"[protein=prolyl aminopeptidase, Serine peptidase, MEROPS family S33]"
[locus_tag=PMT9312_1831],[protein_id=ABS83107.1],[gene=None],[protein=Conserved hypothetical protein]
[locus_tag=PMT9312_0361],[protein_id=ABB49422.1],[gene=None],"[protein=putative transcriptional activator, TenA family]"
[locus_tag=PMT9312_0362],[protein_id=ABB49423.1],[gene=None],[protein=Phosphomethylpyrimidine kinase]
[locus_tag=PMT9312_0363],[protein_id=ABB49424.1],[gene=None],[protein=conserved hypothetical protein]
[locus_tag=PMT9312_1832],[protein_id=ABS83108.1],[gene=None],[protein=Conserved hypothetical protein]
[locus_tag=PMT9312_0365],[protein_id=ABB49426.1],[gene=None],[protein=phosphoenolpyruvate carboxykinase-like protein]
[locus_tag=PMT9312_1833],[protein_id=ABS83109.1],[gene=None],[protein=Conserved hypothetical protein]
[locus_tag=PMT9312_0366],[protein_id=ABB49427.1],[gene=None],[protein=conserved hypothetical protein]
[locus_tag=PMT9312_0367],[protein_id=ABB49428.1],[gene=None],[protein=conserved hypothetical protein]
[locus_tag=PMT9312_0368],[protein_id=ABB49429.1],[gene=None],[protein=hypothetical protein]
[locus_tag=PMT9312_0369],[protein_id=ABB49430.1],[gene=None],[protein=hypothetical protein]
[locus_tag=PMT9312_1834],[protein_id=ABS83110.1],[gene=None],[protein=Conserved hypothetical protein]
[locus_tag=PMT9312_0370],[protein_id=ABB49431.1],[gene=None],[protein=putative periplasmic protein]
[locus_tag=PMT9312_0371],[protein_id=ABB49432.1],[gene=None],[protein=hypothetical protein]
[locus_tag=PMT9312_0372],[protein_id=ABB49433.1],[gene=None],[protein=T/G mismatch-specific endonuclease]
[locus_tag=PMT9312_0373],[protein_id=ABB49434.1],[gene=None],[protein=endonuclease]
[locus_tag=PMT9312_0374],[protein_id=ABB49435.1],[gene=None],[protein=hypothetical protein]
[locus_tag=PMT9312_0375],[protein_id=ABB49436.1],[gene=None],[protein=hypothetical protein]
[locus_tag=PMT9312_0376],[protein_id=ABB49437.1],[gene=None],[protein=hypothetical protein]
[locus_tag=PMT9312_0377],[protein_id=ABB49438.1],[gene=None],[protein=hypothetical protein]
[locus_tag=PMT9312_0378],[protein_id=ABB49439.1],[gene=None],[protein=DNA-cytosine methyltransferase]
[locus_tag=PMT9312_0379],[protein_id=ABB49440.1],[gene=None],[protein=hypothetical protein]
[locus_tag=PMT9312_0380],[protein_id=ABB49441.1],[gene=None],[protein=hypothetical protein]
[locus_tag=PMT9312_0381],[protein_id=ABB49442.1],[gene=None],[protein=hypothetical protein]
[locus_tag=PMT9312_0382],[protein_id=ABB49443.1],[gene=None],[protein=putative site-specific integrase/recombinase]
[locus_tag=PMT9312_0413],[protein_id=ABB49474.1],[gene=None],[protein=conserved hypothetical protein]
[locus_tag=PMT9312_0419],[protein_id=ABB49480.1],[gene=None],[protein=hypothetical protein]
[locus_tag=PMT9312_0422],[protein_id=ABB49483.1],[gene=None],[protein=conserved hypothetical protein]
[locus_tag=PMT9312_0431],[protein_id=ABB49492.1],[gene=None],[protein=conserved hypothetical protein]
[locus_tag=PMT9312_0436],[protein_id=ABB49497.1],[gene=None],[protein=conserved hypothetical protein]
[locus_tag=PMT9312_0450],[protein_id=ABB49511.1],[gene=None],[protein=arenavirus glycoprotein-like protein]
[locus_tag=PMT9312_0452],[protein_id=ABB49513.1],[gene=None],[protein=conserved hypothetical protein]
[locus_tag=PMT9312_0465],[protein_id=ABB49526.1],[gene=None],[protein=conserved hypothetical protein]
[locus_tag=PMT9312_0486],[protein_id=ABB49547.1],[gene=None],[protein=conserved hypothetical protein]
[locus_tag=PMT9312_0505],[protein_id=ABB49566.1],[gene=None],[protein=cutA1 divalent ion tolerance protein]
[locus_tag=PMT9312_0511],[protein_id=ABB49572.1],[gene=None],[protein=reverse transcriptase (RNA-dependent)-like protein]
[locus_tag=PMT9312_0513],[protein_id=ABB49574.1],[gene=None],[protein=conserved hypothetical protein]
[locus_tag=PMT9312_0517],[protein_id=ABB49578.1],[gene=None],[protein=conserved hypothetical protein]
[locus_tag=PMT9312_0540],[protein_id=ABB49601.1],[gene=None],[protein=photosystem I reaction center subunit XII (PsaM)-like protein]
[locus_tag=PMT9312_0575],[protein_id=ABB49636.1],[gene=None],[protein=conserved hypothetical protein]
[locus_tag=PMT9312_1835],[protein_id=ABS83111.1],[gene=None],[protein=Conserved hypothetical protein]
[locus_tag=PMT9312_0624],[protein_id=ABB49685.1],[gene=None],[protein=hantavirus glycoprotein G2-like protein]
[locus_tag=PMT9312_0625],[protein_id=ABB49686.1],[gene=None],[protein=conserved hypothetical protein]
[locus_tag=PMT9312_0626],[protein_id=ABB49687.1],[gene=None],[protein=conserved hypothetical protein]
[locus_tag=PMT9312_1836],[protein_id=ABS83112.1],[gene=None],[protein=Conserved hypothetical protein]
[locus_tag=PMT9312_0628],[protein_id=ABB49689.1],[gene=None],"[protein=sodium:solute symporter, ESS family-like protein]"
[locus_tag=PMT9312_0631],[protein_id=ABB49692.1],[gene=None],[protein=NADH-ubiquinone/plastoquinone-like protein]
[locus_tag=PMT9312_1837],[protein_id=ABS83113.1],[gene=None],[protein=Hypothetical protein]
[locus_tag=PMT9312_0636],[protein_id=ABB49697.1],[gene=None],[protein=isochorismatase hydrolase family]
[locus_tag=PMT9312_0654],[protein_id=ABB49715.1],[gene=None],[protein=conserved hypothetical protein]
[locus_tag=PMT9312_0655],[protein_id=ABB49716.1],[gene=None],[protein=hypothetical protein]
[locus_tag=PMT9312_1838],[protein_id=ABS83114.1],[gene=None],[protein=Conserved hypothetical protein]
[locus_tag=PMT9312_1811],[protein_id=ABB49717.1],[gene=None],[protein=hypothetical protein]
[locus_tag=PMT9312_0657],[protein_id=ABB49718.1],[gene=None],[protein=hypothetical protein]
[locus_tag=PMT9312_0658],[protein_id=ABB49719.1],[gene=None],[protein=hypothetical protein]
[locus_tag=PMT9312_0659],[protein_id=ABB49720.1],[gene=None],[protein=hypothetical protein]
[locus_tag=PMT9312_1839],[protein_id=ABS83115.1],[gene=None],[protein=Conserved hypothetical protein]
[locus_tag=PMT9312_1840],[protein_id=ABS83116.1],[gene=None],[protein=Conserved hypothetical protein]
[locus_tag=PMT9312_0660],[protein_id=ABB49721.1],[gene=None],[protein=RNA recognition motif protein-like protein]
[locus_tag=PMT9312_1841],[protein_id=ABS83117.1],[gene=None],[protein=Conserved hypothetical protein]
[locus_tag=PMT9312_1842],[protein_id=ABS83118.1],[gene=None],[protein=Conserved hypothetical protein]
[locus_tag=PMT9312_0685],[protein_id=ABB49745.1],[gene=None],[protein=M protein repeat-like protein]
[locus_tag=PMT9312_0686],[protein_id=ABB49746.1],[gene=None],[protein=high light inducible protein-like protein]
[locus_tag=PMT9312_1843],[protein_id=ABS83119.1],[gene=None],[protein=Conserved hypothetical protein]
[locus_tag=PMT9312_0687],[protein_id=ABB49747.1],[gene=None],[protein=high light inducible protein-like protein]
[locus_tag=PMT9312_0688],[protein_id=ABB49748.1],[gene=None],[protein=high light inducible protein-like protein]
[locus_tag=PMT9312_0689],[protein_id=ABB49749.1],[gene=None],[protein=hypothetical protein]
[locus_tag=PMT9312_0690],[protein_id=ABB49750.1],[gene=None],[protein=hypothetical protein]
[locus_tag=PMT9312_0691],[protein_id=ABB49751.1],[gene=None],[protein=conserved hypothetical protein]
[locus_tag=PMT9312_0692],[protein_id=ABB49752.1],[gene=None],[protein=conserved hypothetical protein]
[locus_tag=PMT9312_0693],[protein_id=ABB49753.1],[gene=None],[protein=conserved hypothetical protein]
[locus_tag=PMT9312_1844],[protein_id=ABS83120.1],[gene=None],[protein=Conserved hypothetical protein]
[locus_tag=PMT9312_1845],[protein_id=ABS83121.1],[gene=None],[protein=Conserved hypothetical protein]
[locus_tag=PMT9312_1846],[protein_id=ABS83122.1],[gene=None],[protein=Conserved hypothetical protein]
[locus_tag=PMT9312_1847],[protein_id=ABS83123.1],[gene=None],[protein=Conserved hypothetical protein]
[locus_tag=PMT9312_0695],[protein_id=ABB49755.1],[gene=None],[protein=notch (DSL) domain-like protein]
[locus_tag=PMT9312_0697],[protein_id=ABB49757.1],[gene=None],"[protein=zinc finger, C2H2 type-like protein]"
[locus_tag=PMT9312_0698],[protein_id=ABB49758.1],[gene=None],[protein=conserved hypothetical protein]
[locus_tag=PMT9312_1848],[protein_id=ABS83124.1],[gene=None],[protein=Conserved hypothetical protein]
[locus_tag=PMT9312_0699],[protein_id=ABB49759.1],[gene=None],[protein=conserved hypothetical protein]
[locus_tag=PMT9312_0700],[protein_id=ABB49760.1],[gene=None],[protein=high light inducible protein-like protein]
[locus_tag=PMT9312_1849],[protein_id=ABS83125.1],[gene=None],[protein=Conserved hypothetical protein]
[locus_tag=PMT9312_0701],[protein_id=ABB49761.1],[gene=None],[protein=hypothetical protein]
[locus_tag=PMT9312_0703],[protein_id=ABB49763.1],[gene=None],[protein=DDT domain protein-like protein]
[locus_tag=PMT9312_1850],[protein_id=ABS83126.1],[gene=None],[protein=Conserved hypothetical protein]
[locus_tag=PMT9312_1851],[protein_id=ABS83127.1],[gene=None],[protein=Conserved hypothetical protein]
[locus_tag=PMT9312_0706],[protein_id=ABB49766.1],[gene=None],[protein=conserved hypothetical protein]
[locus_tag=PMT9312_0707],[protein_id=ABB49767.1],[gene=None],[protein=D12 class N6 adenine-specific DNA met-like protein]
[locus_tag=PMT9312_0708],[protein_id=ABB49768.1],[gene=None],[protein=protein family PM-16]
[locus_tag=PMT9312_0709],[protein_id=ABB49769.1],[gene=None],[protein=DnaJ central domain protein (4 repeats)-like protein]
[locus_tag=PMT9312_1852],[protein_id=ABS83128.1],[gene=None],[protein=Conserved hypothetical protein]
[locus_tag=PMT9312_0711],[protein_id=ABB49771.1],[gene=None],[protein=conserved hypothetical protein]
[locus_tag=PMT9312_1853],[protein_id=ABS83129.1],[gene=None],[protein=Conserved hypothetical protein]
[locus_tag=PMT9312_0712],[protein_id=ABB49772.1],[gene=None],[protein=LysM domain-like protein]
[locus_tag=PMT9312_0713],[protein_id=ABB49773.1],[gene=None],[protein=DUP family-like protein]
[locus_tag=PMT9312_1854],[protein_id=ABS83130.1],[gene=None],[protein=Conserved hypothetical protein]
[locus_tag=PMT9312_1855],[protein_id=ABS83131.1],[gene=None],[protein=Conserved hypothetical protein]
[locus_tag=PMT9312_1856],[protein_id=ABS83132.1],[gene=None],[protein=Conserved hypothetical protein]
[locus_tag=PMT9312_0719],[protein_id=ABB49779.1],[gene=None],[protein=lipoprotein-like protein]
[locus_tag=PMT9312_0720],[protein_id=ABB49780.1],[gene=None],[protein=putative secreted protein]
[locus_tag=PMT9312_1857],[protein_id=ABS83133.1],[gene=None],[protein=Conserved hypothetical protein]
[locus_tag=PMT9312_1858],[protein_id=ABS83134.1],[gene=None],[protein=Conserved hypothetical protein]
[locus_tag=PMT9312_1859],[protein_id=ABS83135.1],[gene=None],[protein=Conserved hypothetical protein]
[locus_tag=PMT9312_0730],[protein_id=ABB49790.1],[gene=None],[protein=conserved hypothetical protein]
[locus_tag=PMT9312_0735],[protein_id=ABB49795.1],[gene=None],[protein=ComC family-like protein]
[locus_tag=PMT9312_0736],[protein_id=ABB49796.1],[gene=None],[protein=major surface glycoprotein-like protein]
[locus_tag=PMT9312_0738],[protein_id=ABB49798.1],[gene=None],"[protein=helix-turn-helix protein, CopG family-like protein]"
[locus_tag=PMT9312_1860],[protein_id=ABS83136.1],[gene=None],[protein=Conserved hypothetical protein]
[locus_tag=PMT9312_0741],[protein_id=ABB49801.1],[gene=None],[protein=conserved hypothetical protein]
[locus_tag=PMT9312_0742],[protein_id=ABB49802.1],[gene=None],[protein=hypothetical protein]
[locus_tag=PMT9312_1861],[protein_id=ABS83137.1],[gene=None],[protein=Conserved hypothetical protein]
[locus_tag=PMT9312_0743],[protein_id=ABB49803.1],[gene=None],[protein=alpha-2-macroglobulin family protein-like protein]
[locus_tag=PMT9312_0745],[protein_id=ABB49805.1],[gene=None],[protein=conserved hypothetical membrane protein]
[locus_tag=PMT9312_1862],[protein_id=ABS83138.1],[gene=None],[protein=Conserved hypothetical protein]
[locus_tag=PMT9312_0763],[protein_id=ABB49823.1],[gene=None],[protein=adenylate cyclase-like protein]
[locus_tag=PMT9312_1863],[protein_id=ABS83139.1],[gene=None],[protein=Conserved hypothetical protein]
[locus_tag=PMT9312_0813],[protein_id=ABB49873.1],[gene=None],[protein=conserved hypothetical protein]
[locus_tag=PMT9312_0815],[protein_id=ABB49875.1],[gene=None],[protein=Zn-ribbon protein]
[locus_tag=PMT9312_0817],[protein_id=ABB49877.1],[gene=None],[protein=rieske iron-sulfur protein 2Fe-2S subunit]
[locus_tag=PMT9312_0818],[protein_id=ABB49878.1],[gene=None],[protein=conserved hypothetical protein]
[locus_tag=PMT9312_0819],[protein_id=ABB49879.1],[gene=None],[protein=S1 RNA binding domain-like protein]
[locus_tag=PMT9312_1864],[protein_id=ABS83140.1],[gene=None],[protein=Conserved hypothetical protein]
[locus_tag=PMT9312_1865],[protein_id=ABS83141.1],[gene=None],[protein=Conserved hypothetical protein]
[locus_tag=PMT9312_0820],[protein_id=ABB49880.1],[gene=None],[protein=conserved hypothetical protein]
[locus_tag=PMT9312_1866],[protein_id=ABS83142.1],[gene=None],[protein=Conserved hypothetical protein]
[locus_tag=PMT9312_0821],[protein_id=ABB49881.1],[gene=None],[protein=BdrC3-like protein]
[locus_tag=PMT9312_0822],[protein_id=ABB49882.1],[gene=None],[protein=conserved hypothetical protein]
[locus_tag=PMT9312_0823],[protein_id=ABB49883.1],[gene=None],[protein=hypothetical protein]
[locus_tag=PMT9312_1867],[protein_id=ABS83143.1],[gene=None],[protein=Conserved hypothetical protein]
[locus_tag=PMT9312_0842],[protein_id=ABB49902.1],[gene=None],[protein=conserved hypothetical protein]
[locus_tag=PMT9312_1812],[protein_id=ABB49909.1],[gene=None],[protein=hypothetical protein]
[locus_tag=PMT9312_0858],[protein_id=ABB49918.1],[gene=None],[protein=cAMP phosphodiesterases class-II-like protein]
[locus_tag=PMT9312_0861],[protein_id=ABB49921.1],[gene=None],[protein=serine hydroxymethyltransferase-like protein]
[locus_tag=PMT9312_0865],[protein_id=ABB49925.1],[gene=None],[protein=conserved hypothetical protein]
[locus_tag=PMT9312_0872],[protein_id=ABB49932.1],[gene=None],[protein=conserved hypothetical protein]
[locus_tag=PMT9312_0878],[protein_id=ABB49938.1],[gene=None],[protein=conserved hypothetical protein]
[locus_tag=PMT9312_1868],[protein_id=ABS83144.1],[gene=None],[protein=Conserved hypothetical protein]
[locus_tag=PMT9312_0927],[protein_id=ABB49987.1],[gene=None],[protein=hypothetical protein]
[locus_tag=PMT9312_0937],[protein_id=ABB49997.1],[gene=None],[protein=fusion glycoprotein F0-like protein]
[locus_tag=PMT9312_0941],[protein_id=ABB50001.1],[gene=None],[protein=conserved hypothetical protein]
[locus_tag=PMT9312_1869],[protein_id=ABS83145.1],[gene=None],[protein=Conserved hypothetical protein]
[locus_tag=PMT9312_1870],[protein_id=ABS83146.1],[gene=None],[protein=Conserved hypothetical protein]
[locus_tag=PMT9312_0942],[protein_id=ABB50002.1],[gene=None],[protein=hypothetical protein]
[locus_tag=PMT9312_1871],[protein_id=ABS83147.1],[gene=None],[protein=Conserved hypothetical protein]
[locus_tag=PMT9312_1872],[protein_id=ABS83148.1],[gene=None],[protein=Hypothetical protein]
[locus_tag=PMT9312_0943],[protein_id=ABB50003.1],[gene=None],[protein=influenza RNA-dependent RNA polymerase-like protein]
[locus_tag=PMT9312_1873],[protein_id=ABS83149.1],[gene=None],[protein=Conserved hypothetical protein]
[locus_tag=PMT9312_1874],[protein_id=ABS83150.1],[gene=None],[protein=Conserved hypothetical protein]
[locus_tag=PMT9312_0945],[protein_id=ABB50005.1],[gene=None],[protein=conserved hypothetical protein]
[locus_tag=PMT9312_0948],[protein_id=ABB50008.1],[gene=None],[protein=conserved hypothetical protein]
[locus_tag=PMT9312_0954],[protein_id=ABB50014.1],[gene=None],[protein=uncharacterized secreted protein]
[locus_tag=PMT9312_1875],[protein_id=ABS83151.1],[gene=None],[protein=Conserved hypothetical protein]
[locus_tag=PMT9312_0962],[protein_id=ABB50022.1],[gene=None],[protein=nucleoside diphosphate kinase-like protein]
[locus_tag=PMT9312_1876],[protein_id=ABS83152.1],[gene=None],[protein=Conserved hypothetical protein]
[locus_tag=PMT9312_0984],[protein_id=ABB50044.1],[gene=None],[protein=conserved hypothetical protein]
[locus_tag=PMT9312_0985],[protein_id=ABB50045.1],[gene=None],[protein=conserved hypothetical protein]
[locus_tag=PMT9312_1877],[protein_id=ABS83153.1],[gene=None],[protein=Conserved hypothetical protein]
[locus_tag=PMT9312_0988],[protein_id=ABB50048.1],[gene=None],[protein=ATP synthase protein 8-like protein]
[locus_tag=PMT9312_1878],[protein_id=ABS83154.1],[gene=None],[protein=Conserved hypothetical protein]
[locus_tag=PMT9312_0989],[protein_id=ABB50049.1],[gene=None],[protein=conserved hypothetical protein]
[locus_tag=PMT9312_0990],[protein_id=ABB50050.1],[gene=None],[protein=josephin-like protein]
[locus_tag=PMT9312_1879],[protein_id=ABS83155.1],[gene=None],[protein=Conserved hypothetical protein]
[locus_tag=PMT9312_0994],[protein_id=ABB50054.1],[gene=None],"[protein=Helix-hairpin-helix DNA-binding, class 1]"
[locus_tag=PMT9312_0995],[protein_id=ABB50055.1],[gene=None],[protein=uridine kinase]
[locus_tag=PMT9312_0997],[protein_id=ABB50057.1],[gene=None],[protein=paired amphipathic helix repeat-like protein]
[locus_tag=PMT9312_0998],[protein_id=ABB50058.1],[gene=None],[protein=conserved hypothetical protein]
[locus_tag=PMT9312_1000],[protein_id=ABB50060.1],[gene=None],[protein=conserved hypothetical protein]
[locus_tag=PMT9312_1002],[protein_id=ABB50062.1],[gene=None],[protein=conserved hypothetical protein]
[locus_tag=PMT9312_1880],[protein_id=ABS83156.1],[gene=None],[protein=Conserved hypothetical protein]
[locus_tag=PMT9312_1003],[protein_id=ABB50063.1],[gene=None],[protein=conserved hypothetical protein]
[locus_tag=PMT9312_1881],[protein_id=ABS83157.1],[gene=None],[protein=Hypothetical protein]
[locus_tag=PMT9312_1004],[protein_id=ABB50064.1],[gene=None],[protein=protein of unknown function DUF67]
[locus_tag=PMT9312_1005],[protein_id=ABB50065.1],[gene=None],[protein=conserved hypothetical protein]
[locus_tag=PMT9312_1007],[protein_id=ABB50067.1],[gene=None],[protein=conserved hypothetical protein]
[locus_tag=PMT9312_1010],[protein_id=ABB50070.1],[gene=None],[protein=conserved hypothetical protein]
[locus_tag=PMT9312_1012],[protein_id=ABB50072.1],[gene=None],[protein=photosystem II reaction center N protein-like protein]
[locus_tag=PMT9312_1013],[protein_id=ABB50073.1],[gene=None],[protein=hypothetical protein]
[locus_tag=PMT9312_1015],[protein_id=ABB50075.1],[gene=None],[protein=Legume lectins alpha domain-like protein]
[locus_tag=PMT9312_1017],[protein_id=ABB50077.1],[gene=None],[protein=conserved hypothetical protein]
[locus_tag=PMT9312_1018],[protein_id=ABB50078.1],[gene=None],[protein=conserved hypothetical protein]
[locus_tag=PMT9312_1882],[protein_id=ABS83158.1],[gene=None],[protein=Conserved hypothetical protein]
[locus_tag=PMT9312_1021],[protein_id=ABB50081.1],[gene=None],[protein=conserved hypothetical protein]
[locus_tag=PMT9312_1022],[protein_id=ABB50082.1],[gene=None],[protein=conserved hypothetical protein]
[locus_tag=PMT9312_1024],[protein_id=ABB50084.1],[gene=None],[protein=hypothetical protein]
[locus_tag=PMT9312_1883],[protein_id=ABS83159.1],[gene=None],[protein=Hypothetical protein]
[locus_tag=PMT9312_1885],[protein_id=ABS83160.1],[gene=None],[protein=Conserved hypothetical protein]
[locus_tag=PMT9312_1028],[protein_id=ABB50087.1],[gene=None],[protein=virion host shutoff protein-like protein]
[locus_tag=PMT9312_1029],[protein_id=ABB50088.1],[gene=None],[protein=conserved hypothetical protein]
[locus_tag=PMT9312_1886],[protein_id=ABS83161.1],[gene=None],[protein=Conserved hypothetical protein]
[locus_tag=PMT9312_1887],[protein_id=ABS83162.1],[gene=None],[protein=Conserved hypothetical protein]
[locus_tag=PMT9312_1888],[protein_id=ABS83163.1],[gene=None],[protein=Conserved hypothetical protein]
[locus_tag=PMT9312_1889],[protein_id=ABS83164.1],[gene=None],[protein=Conserved hypothetical protein]
[locus_tag=PMT9312_1031],[protein_id=ABB50090.1],[gene=None],[protein=gram-negative pili assembly chaperone-like protein]
[locus_tag=PMT9312_1032],[protein_id=ABB50091.1],[gene=None],[protein=conserved hypothetical protein]
[locus_tag=PMT9312_1890],[protein_id=ABS83165.1],[gene=None],[protein=Conserved hypothetical protein]
[locus_tag=PMT9312_1033],[protein_id=ABB50092.1],[gene=None],[protein=hypothetical protein]
[locus_tag=PMT9312_1034],[protein_id=ABB50093.1],[gene=None],[protein=conserved hypothetical protein]
[locus_tag=PMT9312_1035],[protein_id=ABB50094.1],[gene=None],"[protein=lactate/malate dehydrogenase, alpha/b-like protein]"
[locus_tag=PMT9312_1036],[protein_id=ABB50095.1],[gene=None],[protein=putative stress-induced protein OsmC]
[locus_tag=PMT9312_1891],[protein_id=ABS83166.1],[gene=None],[protein=Conserved hypothetical protein]
[locus_tag=PMT9312_1037],[protein_id=ABB50096.1],[gene=None],[protein=hypothetical protein]
[locus_tag=PMT9312_1892],[protein_id=ABS83167.1],[gene=None],[protein=Conserved hypothetical protein]
[locus_tag=PMT9312_1893],[protein_id=ABS83168.1],[gene=None],[protein=Conserved hypothetical protein]
[locus_tag=PMT9312_1894],[protein_id=ABS83169.1],[gene=None],[protein=Conserved hypothetical protein]
[locus_tag=PMT9312_1043],[protein_id=ABB50102.1],[gene=None],"[protein=ABC transporter, substrate binding protein, possibly Mn]"
[locus_tag=PMT9312_1045],[protein_id=ABB50104.1],[gene=None],[protein=WD-40 repeat-containing protein]
[locus_tag=PMT9312_1896],[protein_id=ABS83170.1],[gene=None],[protein=Conserved hypothetical protein]
[locus_tag=PMT9312_1046],[protein_id=ABB50105.1],[gene=None],"[protein=DNA gyrase/topoisomerase IV, subunit-like protein]"
[locus_tag=PMT9312_1047],[protein_id=ABB50106.1],[gene=None],[protein=conserved hypothetical protein]
[locus_tag=PMT9312_1897],[protein_id=ABS83171.1],[gene=None],[protein=Conserved hypothetical protein]
[locus_tag=PMT9312_1054],[protein_id=ABB50113.1],[gene=None],[protein=lipoprotein-like protein]
[locus_tag=PMT9312_1898],[protein_id=ABS83172.1],[gene=None],[protein=Conserved hypothetical protein]
[locus_tag=PMT9312_1061],[protein_id=ABB50120.1],[gene=None],[protein=conserved hypothetical protein]
[locus_tag=PMT9312_1069],[protein_id=ABB50128.1],[gene=None],"[protein=cytochrome b6/f complex, subunit V]"
[locus_tag=PMT9312_1078],[protein_id=ABB50137.1],[gene=None],[protein=adenoviral fiber protein-like protein]
[locus_tag=PMT9312_1899],[protein_id=ABS83173.1],[gene=None],[protein=Conserved hypothetical protein]
[locus_tag=PMT9312_1093],[protein_id=ABB50152.1],[gene=None],[protein=hypothetical protein]
[locus_tag=PMT9312_1111],[protein_id=ABB50170.1],[gene=None],[protein=conserved hypothetical protein]
[locus_tag=PMT9312_1128],[protein_id=ABB50187.1],[gene=None],[protein=photosystem II reaction center Y protein (PsbY)-like protein]
[locus_tag=PMT9312_1129],[protein_id=ABB50188.1],[gene=None],[protein=hypothetical protein]
[locus_tag=PMT9312_1900],[protein_id=ABS83174.1],[gene=None],[protein=Conserved hypothetical protein]
[locus_tag=PMT9312_1901],[protein_id=ABS83175.1],[gene=None],[protein=Hypothetical protein]
[locus_tag=PMT9312_1902],[protein_id=ABS83176.1],[gene=None],[protein=Conserved hypothetical protein]
[locus_tag=PMT9312_1132],[protein_id=ABB50191.1],[gene=None],[protein=hypothetical protein]
[locus_tag=PMT9312_1134],[protein_id=ABB50193.1],[gene=None],[protein=conserved hypothetical protein]
[locus_tag=PMT9312_1135],[protein_id=ABB50194.1],[gene=None],[protein=protein family PM-13]
[locus_tag=PMT9312_1136],[protein_id=ABB50195.1],[gene=None],[protein=hypothetical protein]
[locus_tag=PMT9312_1137],[protein_id=ABB50196.1],[gene=None],[protein=hypothetical protein]
[locus_tag=PMT9312_1139],[protein_id=ABB50198.1],[gene=None],[protein=hypothetical protein]
[locus_tag=PMT9312_1903],[protein_id=ABS83177.1],[gene=None],[protein=Hypothetical protein]
[locus_tag=PMT9312_1140],[protein_id=ABB50199.1],[gene=None],[protein=hypothetical protein]
[locus_tag=PMT9312_1141],[protein_id=ABB50200.1],[gene=None],[protein=hypothetical protein]
[locus_tag=PMT9312_1142],[protein_id=ABB50201.1],[gene=None],[protein=hypothetical protein]
[locus_tag=PMT9312_1143],[protein_id=ABB50202.1],[gene=None],[protein=high light inducible protein-like protein]
[locus_tag=PMT9312_1145],[protein_id=ABB50204.1],[gene=None],[protein=hypothetical protein]
[locus_tag=PMT9312_1904],[protein_id=ABS83178.1],[gene=None],[protein=Hypothetical protein]
[locus_tag=PMT9312_1146],[protein_id=ABB50205.1],[gene=None],[protein=hypothetical protein]
[locus_tag=PMT9312_1147],[protein_id=ABB50206.1],[gene=None],[protein=hypothetical protein]
[locus_tag=PMT9312_1148],[protein_id=ABB50207.1],[gene=None],[protein=hypothetical protein]
[locus_tag=PMT9312_1149],[protein_id=ABB50208.1],[gene=None],[protein=protein with signal peptide]
[locus_tag=PMT9312_1150],[protein_id=ABB50209.1],[gene=None],[protein=uncharacterized conserved protein containing SWIM-like Zn-finger]
[locus_tag=PMT9312_1151],[protein_id=ABB50210.1],[gene=None],[protein=RNA-directed DNA polymerase]
[locus_tag=PMT9312_1152],[protein_id=ABB50211.1],[gene=None],[protein=hypothetical protein]
[locus_tag=PMT9312_1153],[protein_id=ABB50212.1],[gene=None],[protein=hypothetical protein]
[locus_tag=PMT9312_1154],[protein_id=ABB50213.1],[gene=None],[protein=hypothetical protein]
[locus_tag=PMT9312_1155],[protein_id=ABB50214.1],[gene=None],[protein=ATP-dependent DNA ligase]
[locus_tag=PMT9312_1156],[protein_id=ABB50215.1],[gene=None],[protein=protein family PM-12]
[locus_tag=PMT9312_1157],[protein_id=ABB50216.1],[gene=None],[protein=hypothetical protein]
[locus_tag=PMT9312_1905],[protein_id=ABS83179.1],[gene=None],[protein=Conserved hypothetical protein]
[locus_tag=PMT9312_1158],[protein_id=ABB50217.1],[gene=None],[protein=vanadium/alternative nitrogenase delta-like protein]
[locus_tag=PMT9312_1906],[protein_id=ABS83180.1],[gene=None],[protein=Conserved hypothetical protein]
[locus_tag=PMT9312_1159],[protein_id=ABB50218.1],[gene=None],[protein=hypothetical protein]
[locus_tag=PMT9312_1160],[protein_id=ABB50219.1],[gene=None],[protein=virion host shutoff protein-like protein]
[locus_tag=PMT9312_1907],[protein_id=ABS83181.1],[gene=None],[protein=Conserved hypothetical protein]
[locus_tag=PMT9312_1161],[protein_id=ABB50220.1],[gene=None],[protein=cytochrome oxidase C subunit VIb-like protein]
[locus_tag=PMT9312_1162],[protein_id=ABB50221.1],[gene=None],[protein=hypothetical protein]
[locus_tag=PMT9312_1163],[protein_id=ABB50222.1],[gene=None],[protein=hypothetical protein]
[locus_tag=PMT9312_1164],[protein_id=ABB50223.1],[gene=None],[protein=sulfotransferase family protein]
[locus_tag=PMT9312_1908],[protein_id=ABS83182.1],[gene=None],[protein=Conserved hypothetical protein]
[locus_tag=PMT9312_1909],[protein_id=ABS83183.1],[gene=None],[protein=Hypothetical protein]
[locus_tag=PMT9312_1169],[protein_id=ABB50228.1],[gene=None],[protein=NADPH-dependent reductase]
[locus_tag=PMT9312_1170],[protein_id=ABB50229.1],[gene=None],[protein=conserved hypothetical protein]
[locus_tag=PMT9312_1171],[protein_id=ABB50230.1],[gene=None],[protein=hypothetical protein]
[locus_tag=PMT9312_1910],[protein_id=ABS83184.1],[gene=None],[protein=Conserved hypothetical protein]
[locus_tag=PMT9312_1172],[protein_id=ABB50231.1],[gene=None],[protein=conserved hypothetical protein]
[locus_tag=PMT9312_1173],[protein_id=ABB50232.1],[gene=None],[protein=high light inducible protein-like protein]
[locus_tag=PMT9312_1911],[protein_id=ABS83185.1],[gene=None],[protein=Hypothetical protein]
[locus_tag=PMT9312_1174],[protein_id=ABB50233.1],[gene=None],[protein=hypothetical protein]
[locus_tag=PMT9312_1175],[protein_id=ABB50234.1],[gene=None],[protein=conserved hypothetical protein]
[locus_tag=PMT9312_1912],[protein_id=ABS83186.1],[gene=None],[protein=Conserved hypothetical protein]
[locus_tag=PMT9312_1176],[protein_id=ABB50235.1],[gene=None],[protein=PsbF protein-like protein]
[locus_tag=PMT9312_1177],[protein_id=ABB50236.1],[gene=None],[protein=hypothetical protein]
[locus_tag=PMT9312_1178],[protein_id=ABB50237.1],[gene=None],[protein=conserved hypothetical protein]
[locus_tag=PMT9312_1180],[protein_id=ABB50239.1],[gene=None],[protein=hypothetical protein]
[locus_tag=PMT9312_1184],[protein_id=ABB50243.1],[gene=None],[protein=hypothetical protein]
[locus_tag=PMT9312_1186],[protein_id=ABB50245.1],[gene=None],"[protein=type 4 prepilin peptidase 1, Aspartic peptidase, MEROPS family A24A]"
[locus_tag=PMT9312_1188],[protein_id=ABB50247.1],[gene=None],[protein=twitching motility protein]
[locus_tag=PMT9312_1189],[protein_id=ABB50248.1],[gene=None],[protein=Type II secretory pathway ATPase PulE/Tfp pilus assembly pathway ATPase PilB-like protein]
[locus_tag=PMT9312_1190],[protein_id=ABB50249.1],[gene=None],[protein=hypothetical protein]
[locus_tag=PMT9312_1191],[protein_id=ABB50250.1],[gene=None],[protein=hypothetical protein]
[locus_tag=PMT9312_1192],[protein_id=ABB50251.1],[gene=None],[protein=hypothetical protein]
[locus_tag=PMT9312_1193],[protein_id=ABB50252.1],[gene=None],[protein=hypothetical protein]
[locus_tag=PMT9312_1194],[protein_id=ABB50253.1],[gene=None],[protein=Type II secretory pathway component PulD-like protein]
[locus_tag=PMT9312_1195],[protein_id=ABB50254.1],[gene=None],[protein=hypothetical protein]
[locus_tag=PMT9312_1196],[protein_id=ABB50255.1],[gene=None],[protein=hypothetical protein]
[locus_tag=PMT9312_1197],[protein_id=ABB50256.1],[gene=None],[protein=hypothetical protein]
[locus_tag=PMT9312_1198],[protein_id=ABB50257.1],[gene=None],[protein=hypothetical protein]
[locus_tag=PMT9312_1199],[protein_id=ABB50258.1],[gene=None],[protein=hypothetical protein]
[locus_tag=PMT9312_1200],[protein_id=ABB50259.1],[gene=None],[protein=hypothetical protein]
[locus_tag=PMT9312_1201],[protein_id=ABB50260.1],[gene=None],[protein=Tfp pilus assembly protein PilE-like protein]
[locus_tag=PMT9312_1203],[protein_id=ABB50262.1],[gene=None],[protein=hypothetical protein]
[locus_tag=PMT9312_1206],[protein_id=ABB50265.1],[gene=None],[protein=conserved hypothetical protein]
[locus_tag=PMT9312_1914],[protein_id=ABS83187.1],[gene=None],[protein=Conserved hypothetical protein]
[locus_tag=PMT9312_1208],[protein_id=ABB50267.1],[gene=None],[protein=hypothetical protein]
[locus_tag=PMT9312_1916],[protein_id=ABS83188.1],[gene=None],[protein=Hypothetical protein]
[locus_tag=PMT9312_1918],[protein_id=ABS83189.1],[gene=None],[protein=Conserved hypothetical protein]
[locus_tag=PMT9312_1919],[protein_id=ABS83190.1],[gene=None],[protein=Conserved hypothetical protein]
[locus_tag=PMT9312_1210],[protein_id=ABB50269.1],[gene=None],[protein=hypothetical protein]
[locus_tag=PMT9312_1920],[protein_id=ABS83191.1],[gene=None],[protein=Hypothetical protein]
[locus_tag=PMT9312_1813],[protein_id=ABB50270.1],[gene=None],[protein=conserved hypothetical protein]
[locus_tag=PMT9312_1215],[protein_id=ABB50274.1],[gene=None],[protein=conserved hypothetical protein]
[locus_tag=PMT9312_1921],[protein_id=ABS83192.1],[gene=None],[protein=Conserved hypothetical protein]
[locus_tag=PMT9312_1216],[protein_id=ABB50275.1],[gene=None],[protein=hypothetical protein]
[locus_tag=PMT9312_1922],[protein_id=ABS83193.1],[gene=None],[protein=Conserved hypothetical protein]
[locus_tag=PMT9312_1217],[protein_id=ABB50276.1],[gene=None],[protein=hypothetical protein]
[locus_tag=PMT9312_1923],[protein_id=ABS83194.1],[gene=None],[protein=Conserved hypothetical protein]
[locus_tag=PMT9312_1924],[protein_id=ABS83195.1],[gene=None],[protein=Conserved hypothetical protein]
[locus_tag=PMT9312_1218],[protein_id=ABB50277.1],[gene=None],[protein=hypothetical protein]
[locus_tag=PMT9312_1925],[protein_id=ABS83196.1],[gene=None],[protein=Hypothetical protein]
[locus_tag=PMT9312_1926],[protein_id=ABS83197.1],[gene=None],[protein=Conserved hypothetical protein]
[locus_tag=PMT9312_1927],[protein_id=ABS83198.1],[gene=None],[protein=Conserved hypothetical protein]
[locus_tag=PMT9312_1928],[protein_id=ABS83199.1],[gene=None],[protein=Conserved hypothetical protein]
[locus_tag=PMT9312_1220],[protein_id=ABB50279.1],[gene=None],[protein=hypothetical protein]
[locus_tag=PMT9312_1221],[protein_id=ABB50280.1],[gene=None],[protein=protein family PM-11]
[locus_tag=PMT9312_1222],[protein_id=ABB50281.1],[gene=None],[protein=conserved hypothetical protein]
[locus_tag=PMT9312_1225],[protein_id=ABB50284.1],[gene=None],[protein=conserved hypothetical protein]
[locus_tag=PMT9312_1929],[protein_id=ABS83200.1],[gene=None],[protein=Conserved hypothetical protein]
[locus_tag=PMT9312_1226],[protein_id=ABB50285.1],[gene=None],[protein=hypothetical protein]
[locus_tag=PMT9312_1227],[protein_id=ABB50286.1],[gene=None],[protein=phosphatidylinositol-specific-like protein]
[locus_tag=PMT9312_1229],[protein_id=ABB50288.1],[gene=None],[protein=high light inducible protein-like protein]
[locus_tag=PMT9312_1230],[protein_id=ABB50289.1],[gene=None],[protein=high light inducible protein-like protein]
[locus_tag=PMT9312_1930],[protein_id=ABS83201.1],[gene=None],[protein=Conserved hypothetical protein]
[locus_tag=PMT9312_1232],[protein_id=ABB50291.1],[gene=None],[protein=uncharacterized protein family UPF005]
[locus_tag=PMT9312_1233],[protein_id=ABB50292.1],[gene=None],[protein=cytochrome b/b6/PetD-like protein]
[locus_tag=PMT9312_1931],[protein_id=ABS83202.1],[gene=None],[protein=Conserved hypothetical protein]
[locus_tag=PMT9312_1932],[protein_id=ABS83203.1],[gene=None],[protein=Conserved hypothetical protein]
[locus_tag=PMT9312_1933],[protein_id=ABS83204.1],[gene=None],[protein=Conserved hypothetical protein]
[locus_tag=PMT9312_1239],[protein_id=ABB50298.1],[gene=None],[protein=high light inducible protein-like protein]
[locus_tag=PMT9312_1251],[protein_id=ABB50310.1],[gene=None],[protein=cytochrome b6-F complex subunit VII]
[locus_tag=PMT9312_1934],[protein_id=ABS83205.1],[gene=None],[protein=Conserved hypothetical protein]
[locus_tag=PMT9312_1269],[protein_id=ABB50328.1],[gene=None],[protein=conserved hypothetical protein]
[locus_tag=PMT9312_1274],[protein_id=ABB50333.1],[gene=None],[protein=conserved hypothetical protein]
[locus_tag=PMT9312_1277],[protein_id=ABB50336.1],[gene=None],"[protein=helix-turn-helix protein, CopG family-like protein]"
[locus_tag=PMT9312_1284],[protein_id=ABB50343.1],[gene=None],[protein=LSU ribosomal protein L34P]
[locus_tag=PMT9312_1935],[protein_id=ABS83206.1],[gene=None],[protein=Hypothetical protein]
[locus_tag=PMT9312_1295],[protein_id=ABB50354.1],[gene=None],[protein=conserved hypothetical protein]
[locus_tag=PMT9312_1298],[protein_id=ABB50357.1],[gene=None],[protein=putative acetyltransferase]
[locus_tag=PMT9312_1300],[protein_id=ABB50359.1],[gene=None],[protein=WblB protein]
[locus_tag=PMT9312_1301],[protein_id=ABB50360.1],[gene=None],[protein=Glycosyltransferase-like protein]
[locus_tag=PMT9312_1306],[protein_id=ABB50365.1],[gene=None],"[protein=nucleotide-diphosphate-sugar epimerase, membrane associated]"
[locus_tag=PMT9312_1307],[protein_id=ABB50366.1],[gene=None],[protein=Glycosyltransferase-like protein]
[locus_tag=PMT9312_1308],[protein_id=ABB50367.1],[gene=None],[protein=hypothetical protein]
[locus_tag=PMT9312_1309],[protein_id=ABB50368.1],[gene=None],[protein=hypothetical protein]
[locus_tag=PMT9312_1310],[protein_id=ABB50369.1],[gene=None],[protein=hypothetical protein]
[locus_tag=PMT9312_1311],[protein_id=ABB50370.1],[gene=None],[protein=dolichyl-phosphate-mannose-protein mannosyltransferase]
[locus_tag=PMT9312_1315],[protein_id=ABB50374.1],[gene=None],[protein=NAD dependent epimerase/dehydratase]
[locus_tag=PMT9312_1318],[protein_id=ABB50377.1],[gene=None],[protein=hypothetical protein]
[locus_tag=PMT9312_1320],[protein_id=ABB50379.1],[gene=None],[protein=Glycosyltransferase-like protein]
[locus_tag=PMT9312_1321],[protein_id=ABB50380.1],[gene=None],[protein=hypothetical protein]
[locus_tag=PMT9312_1322],[protein_id=ABB50381.1],[gene=None],[protein=hypothetical protein]
[locus_tag=PMT9312_1323],[protein_id=ABB50382.1],[gene=None],[protein=glycosyltransferase]
[locus_tag=PMT9312_1325],[protein_id=ABB50384.1],[gene=None],[protein=hypothetical protein]
[locus_tag=PMT9312_1326],[protein_id=ABB50385.1],[gene=None],[protein=hypothetical protein]
[locus_tag=PMT9312_1327],[protein_id=ABB50386.1],[gene=None],[protein=hypothetical protein]
[locus_tag=PMT9312_1328],[protein_id=ABB50387.1],[gene=None],[protein=hypothetical protein]
[locus_tag=PMT9312_1814],[protein_id=ABB50388.1],[gene=None],[protein=hypothetical protein]
[locus_tag=PMT9312_1330],[protein_id=ABB50390.1],[gene=None],[protein=hypothetical protein]
[locus_tag=PMT9312_1331],[protein_id=ABB50391.1],[gene=None],[protein=hypothetical protein]
[locus_tag=PMT9312_1333],[protein_id=ABB50393.1],[gene=None],[protein=hypothetical protein]
[locus_tag=PMT9312_1335],[protein_id=ABB50395.1],[gene=None],[protein=histidinol-phosphate phosphatase]
[locus_tag=PMT9312_1336],[protein_id=ABB50396.1],[gene=None],[protein=conserved hypothetical protein]
[locus_tag=PMT9312_1337],[protein_id=ABB50397.1],[gene=None],[protein=phosphoheptose isomerase]
[locus_tag=PMT9312_1338],[protein_id=ABB50398.1],[gene=None],[protein=hypothetical protein]
[locus_tag=PMT9312_1339],[protein_id=ABB50399.1],[gene=None],[protein=hypothetical protein]
[locus_tag=PMT9312_1340],[protein_id=ABB50400.1],[gene=None],[protein=N-acetylneuraminate synthase]
[locus_tag=PMT9312_1341],[protein_id=ABB50401.1],[gene=None],[protein=CMP-N-acetylneuraminic acid synthetase-like protein]
[locus_tag=PMT9312_1342],[protein_id=ABB50402.1],[gene=None],[protein=hypothetical protein]
[locus_tag=PMT9312_1343],[protein_id=ABB50403.1],[gene=None],[protein=hypothetical protein]
[locus_tag=PMT9312_1344],[protein_id=ABB50404.1],[gene=None],[protein=hypothetical protein]
[locus_tag=PMT9312_1345],[protein_id=ABB50405.1],[gene=None],[protein=hypothetical protein]
[locus_tag=PMT9312_1346],[protein_id=ABB50406.1],[gene=None],[protein=N-acetylneuraminate synthase]
[locus_tag=PMT9312_1347],[protein_id=ABB50407.1],[gene=None],[protein=phosphoheptose isomerase]
[locus_tag=PMT9312_1348],[protein_id=ABB50408.1],[gene=None],[protein=conserved hypothetical protein]
[locus_tag=PMT9312_1349],[protein_id=ABB50409.1],[gene=None],[protein=putative acylneuraminate cytidylyltransferase]
[locus_tag=PMT9312_1350],[protein_id=ABB50410.1],[gene=None],[protein=2-deoxy-D-gluconate 3-dehydrogenase]
[locus_tag=PMT9312_1351],[protein_id=ABB50411.1],[gene=None],[protein=dehydrogenase]
[locus_tag=PMT9312_1353],[protein_id=ABB50413.1],[gene=None],[protein=hypothetical protein]
[locus_tag=PMT9312_1936],[protein_id=ABS83207.1],[gene=None],[protein=Hypothetical protein]
[locus_tag=PMT9312_1355],[protein_id=ABB50415.1],[gene=None],[protein=Uncharacterized protein involved in exopolysaccharide biosynthesis-like protein]
[locus_tag=PMT9312_1371],[protein_id=ABB50431.1],[gene=None],[protein=conserved hypothetical protein]
[locus_tag=PMT9312_1375],[protein_id=ABB50435.1],[gene=None],[protein=polysaccharide export-related periplasmic protein]
[locus_tag=PMT9312_1391],[protein_id=ABB50451.1],[gene=None],[protein=hypothetical protein]
[locus_tag=PMT9312_1407],[protein_id=ABB50467.1],[gene=None],[protein=hypothetical protein]
[locus_tag=PMT9312_1414],[protein_id=ABB50474.1],[gene=None],[protein=high light inducible protein-like protein]
[locus_tag=PMT9312_1416],[protein_id=ABB50476.1],[gene=None],[protein=conserved hypothetical protein]
[locus_tag=PMT9312_1417],[protein_id=ABB50477.1],[gene=None],[protein=beta-lactamase-like protein]
[locus_tag=PMT9312_1418],[protein_id=ABB50478.1],[gene=None],[protein=conserved hypothetical protein]
[locus_tag=PMT9312_1455],[protein_id=ABB50515.1],[gene=None],[protein=steroid 5-alpha reductase-like protein]
[locus_tag=PMT9312_1938],[protein_id=ABS83208.1],[gene=None],[protein=Conserved hypothetical protein]
[locus_tag=PMT9312_1460],[protein_id=ABB50520.1],[gene=None],[protein=conserved hypothetical protein]
[locus_tag=PMT9312_1462],[protein_id=ABB50522.1],[gene=None],[protein=MATH domain-like protein]
[locus_tag=PMT9312_1939],[protein_id=ABS83209.1],[gene=None],[protein=Conserved hypothetical protein]
[locus_tag=PMT9312_1940],[protein_id=ABS83210.1],[gene=None],[protein=Conserved hypothetical protein]
[locus_tag=PMT9312_1941],[protein_id=ABS83211.1],[gene=None],[protein=Conserved hypothetical protein]
[locus_tag=PMT9312_1942],[protein_id=ABS83212.1],[gene=None],[protein=Conserved hypothetical protein]
[locus_tag=PMT9312_1469],[protein_id=ABB50529.1],[gene=None],[protein=conserved hypothetical protein]
[locus_tag=PMT9312_1943],[protein_id=ABS83213.1],[gene=None],[protein=Conserved hypothetical protein]
[locus_tag=PMT9312_1944],[protein_id=ABS83214.1],[gene=None],[protein=Conserved hypothetical protein]
[locus_tag=PMT9312_1945],[protein_id=ABS83215.1],[gene=None],[protein=Conserved hypothetical protein]
[locus_tag=PMT9312_1946],[protein_id=ABS83216.1],[gene=None],[protein=Conserved hypothetical protein]
[locus_tag=PMT9312_1470],[protein_id=ABB50530.1],[gene=None],[protein=conserved hypothetical protein]
[locus_tag=PMT9312_1471],[protein_id=ABB50531.1],[gene=None],[protein=type I restriction modification DNA-like protein]
[locus_tag=PMT9312_1472],[protein_id=ABB50532.1],[gene=None],[protein=M protein repeat-like protein]
[locus_tag=PMT9312_1947],[protein_id=ABS83217.1],[gene=None],[protein=Conserved hypothetical protein]
[locus_tag=PMT9312_1948],[protein_id=ABS83218.1],[gene=None],[protein=Conserved hypothetical protein]
[locus_tag=PMT9312_1474],[protein_id=ABB50534.1],[gene=None],[protein=conserved hypothetical protein]
[locus_tag=PMT9312_1949],[protein_id=ABS83219.1],[gene=None],[protein=Conserved hypothetical protein]
[locus_tag=PMT9312_1950],[protein_id=ABS83220.1],[gene=None],[protein=Conserved hypothetical protein]
[locus_tag=PMT9312_1478],[protein_id=ABB50538.1],[gene=None],[protein=hypothetical protein]
[locus_tag=PMT9312_1479],[protein_id=ABB50539.1],[gene=None],[protein=high light inducible protein-like protein]
[locus_tag=PMT9312_1480],[protein_id=ABB50540.1],[gene=None],[protein=high light inducible protein-like protein]
[locus_tag=PMT9312_1951],[protein_id=ABS83221.1],[gene=None],[protein=Conserved hypothetical protein]
[locus_tag=PMT9312_1952],[protein_id=ABS83222.1],[gene=None],[protein=Conserved hypothetical protein]
[locus_tag=PMT9312_1484],[protein_id=ABB50544.1],[gene=None],[protein=hypothetical protein]
[locus_tag=PMT9312_1485],[protein_id=ABB50545.1],[gene=None],[protein=carbon storage regulator-like protein]
[locus_tag=PMT9312_1487],[protein_id=ABB50547.1],[gene=None],"[protein=regulatory protein, DeoR-like protein]"
[locus_tag=PMT9312_1953],[protein_id=ABS83223.1],[gene=None],[protein=Conserved hypothetical protein]
[locus_tag=PMT9312_1488],[protein_id=ABB50548.1],[gene=None],[protein=hypothetical protein]
[locus_tag=PMT9312_1954],[protein_id=ABS83224.1],[gene=None],[protein=Conserved hypothetical protein]
[locus_tag=PMT9312_1956],[protein_id=ABS83225.1],[gene=None],[protein=Conserved hypothetical protein]
[locus_tag=PMT9312_1957],[protein_id=ABS83226.1],[gene=None],[protein=Conserved hypothetical protein]
[locus_tag=PMT9312_1958],[protein_id=ABS83227.1],[gene=None],[protein=Conserved hypothetical protein]
[locus_tag=PMT9312_1489],[protein_id=ABB50549.1],[gene=None],[protein=conserved hypothetical protein]
[locus_tag=PMT9312_1959],[protein_id=ABS83228.1],[gene=None],[protein=Conserved hypothetical protein]
[locus_tag=PMT9312_1490],[protein_id=ABB50550.1],[gene=None],[protein=virion host shutoff protein-like protein]
[locus_tag=PMT9312_1960],[protein_id=ABS83229.1],[gene=None],[protein=Conserved hypothetical protein]
[locus_tag=PMT9312_1491],[protein_id=ABB50551.1],[gene=None],[protein=high light inducible protein-like protein]
[locus_tag=PMT9312_1961],[protein_id=ABS83230.1],[gene=None],[protein=Hypothetical protein]
[locus_tag=PMT9312_1492],[protein_id=ABB50552.1],[gene=None],[protein=protein family PM-14]
[locus_tag=PMT9312_1962],[protein_id=ABS83231.1],[gene=None],[protein=Conserved hypothetical protein]
[locus_tag=PMT9312_1497],[protein_id=ABB50557.1],[gene=None],[protein=dienelactone hydrolase]
[locus_tag=PMT9312_1963],[protein_id=ABS83232.1],[gene=None],[protein=Conserved hypothetical protein]
[locus_tag=PMT9312_1964],[protein_id=ABS83233.1],[gene=None],[protein=Conserved hypothetical protein]
[locus_tag=PMT9312_1498],[protein_id=ABB50558.1],[gene=None],[protein=conserved hypothetical protein]
[locus_tag=PMT9312_1500],[protein_id=ABB50560.1],[gene=None],[protein=gibberellin regulated protein-like protein]
[locus_tag=PMT9312_1502],[protein_id=ABB50562.1],[gene=None],[protein=conserved hypothetical protein]
[locus_tag=PMT9312_1503],[protein_id=ABB50563.1],[gene=None],[protein=hypothetical protein]
[locus_tag=PMT9312_1965],[protein_id=ABS83234.1],[gene=None],[protein=Conserved hypothetical protein]
[locus_tag=PMT9312_1504],[protein_id=ABB50564.1],[gene=None],[protein=conserved hypothetical protein]
[locus_tag=PMT9312_1505],[protein_id=ABB50565.1],[gene=None],[protein=hypothetical protein]
[locus_tag=PMT9312_1506],[protein_id=ABB50566.1],[gene=None],[protein=conserved hypothetical protein]
[locus_tag=PMT9312_1508],[protein_id=ABB50568.1],[gene=None],[protein=high light inducible protein-like protein]
[locus_tag=PMT9312_1509],[protein_id=ABB50569.1],[gene=None],[protein=high light inducible protein-like protein]
[locus_tag=PMT9312_1511],[protein_id=ABB50571.1],[gene=None],[protein=hypothetical protein]
[locus_tag=PMT9312_1514],[protein_id=ABB50574.1],[gene=None],[protein=protein family PM-12]
[locus_tag=PMT9312_1516],[protein_id=ABB50576.1],[gene=None],[protein=protein family PM-24]
[locus_tag=PMT9312_1518],[protein_id=ABB50578.1],[gene=None],[protein=twin-arginine translocation pathway signal sequence domain protein]
[locus_tag=PMT9312_1966],[protein_id=ABS83235.1],[gene=None],[protein=Conserved hypothetical protein]
[locus_tag=PMT9312_1520],[protein_id=ABB50580.1],[gene=None],[protein=poly A polymerase regulatory subunit-like protein]
[locus_tag=PMT9312_1534],[protein_id=ABB50594.1],[gene=None],[protein=conserved hypothetical protein]
[locus_tag=PMT9312_1541],[protein_id=ABB50601.1],[gene=None],[protein=conserved hypothetical protein]
[locus_tag=PMT9312_1555],[protein_id=ABB50615.1],[gene=None],[protein=conserved hypothetical protein]
[locus_tag=PMT9312_1560],[protein_id=ABB50620.1],[gene=None],[protein=DEAD/DEAH box helicase-like protein]
[locus_tag=PMT9312_1588],[protein_id=ABB50648.1],[gene=None],[protein=conserved hypothetical protein]
[locus_tag=PMT9312_1589],[protein_id=ABB50649.1],[gene=None],"[protein=glycosyl transferase, family 2]"
[locus_tag=PMT9312_1607],[protein_id=ABB50667.1],[gene=None],[protein=site-specific recombinase]
[locus_tag=PMT9312_1608],[protein_id=ABB50668.1],[gene=None],[protein=conserved hypothetical protein]
[locus_tag=PMT9312_1612],[protein_id=ABB50672.1],[gene=None],[protein=photosystem I subunit VIII (PsaI)]
[locus_tag=PMT9312_1613],[protein_id=ABB50673.1],[gene=None],[protein=annexin-like protein]
[locus_tag=PMT9312_1619],[protein_id=ABB50679.1],[gene=None],[protein=hypothetical protein]
[locus_tag=PMT9312_1815],[protein_id=ABB50691.1],[gene=rpl36],[protein=50S Ribosomal protein L36]
[locus_tag=PMT9312_1659],[protein_id=ABB50720.1],[gene=None],[protein=conserved hypothetical protein]
[locus_tag=PMT9312_1679],[protein_id=ABB50740.1],[gene=None],[protein=conserved hypothetical protein]
[locus_tag=PMT9312_1705],[protein_id=ABB50766.1],[gene=None],[protein=conserved hypothetical protein]
[locus_tag=PMT9312_1724],[protein_id=ABB50785.1],[gene=None],[protein=conserved hypothetical protein]
[locus_tag=PMT9312_1725],[protein_id=ABB50786.1],[gene=None],[protein=CRCB protein-like protein]
[locus_tag=PMT9312_1726],[protein_id=ABB50787.1],[gene=None],[protein=conserved hypothetical protein]
[locus_tag=PMT9312_1731],[protein_id=ABB50792.1],[gene=None],[protein=serine O-acetyltransferase]
[locus_tag=PMT9312_1736],[protein_id=ABB50797.1],[gene=None],[protein=putative photosystem II PsbZ protein]
[locus_tag=PMT9312_1759],[protein_id=ABB50820.1],[gene=None],[protein=conserved hypothetical protein]
[locus_tag=PMT9312_1969],[protein_id=ABS83237.1],[gene=None],[protein=Hypothetical protein]
[locus_tag=PMT9312_1763],[protein_id=ABB50824.1],[gene=None],[protein=conserved hypothetical protein]
[locus_tag=PMT9312_1772],[protein_id=ABB50833.1],[gene=None],[protein=ATP-dependent DNA ligase]
