[locus_tag=PMM0030],[protein_id=PMM0030],[gene=None],[protein=possible Transcription factor TFIID (or TATA-b]
[locus_tag=PMM0034],[protein_id=PMM0034],[gene=None],[protein=conserved hypothetical protein]
[locus_tag=PMM1800],[protein_id=PMM1800],[gene=None],[protein=Conserved hypothetical protein]
[locus_tag=PMM2021],[protein_id=PMM2021],[gene=None],[protein=Hypothetical protein]
[locus_tag=PMM1801],[protein_id=PMM1801],[gene=None],[protein=Conserved hypothetical protein]
[locus_tag=PMM0062],[protein_id=PMM0062],[gene=psbX],[protein=photosystem II PsbX protein]
[locus_tag=PMM1805],[protein_id=PMM1805],[gene=None],[protein=Conserved hypothetical protein]
[locus_tag=PMM0126],[protein_id=PMM0126],[gene=None],[protein=possible Herpesvirus UL6 like]
[locus_tag=PMM0162],[protein_id=PMM0162],[gene=None],[protein=hypothetical]
[locus_tag=PMM0185],[protein_id=PMM0185],[gene=None],[protein=conserved hypothetical protein]
[locus_tag=PMM0230],[protein_id=PMM0230],[gene=None],[protein=conserved hypothetical protein]
[locus_tag=PMM0237],[protein_id=PMM0237],[gene=None],[protein=conserved hypothetical protein]
[locus_tag=PMM0252],[protein_id=PMM0252],[gene=psbN],[protein=Photosystem II reaction centre N protein (psbN)]
[locus_tag=PMM0259],[protein_id=PMM0259],[gene=None],[protein=conserved hypothetical protein]
[locus_tag=PMM1807],[protein_id=PMM1807],[gene=None],[protein=Conserved hypothetical protein]
[locus_tag=PMM0307],[protein_id=PMM0307],[gene=None],[protein=hypothetical]
[locus_tag=PMM0316],[protein_id=PMM0316],[gene=None],[protein=possible ferredoxin]
[locus_tag=PMM1808],[protein_id=PMM1808],[gene=None],[protein=Conserved hypothetical protein]
[locus_tag=PMM0334],[protein_id=PMM0334],[gene=None],[protein=conserved hypothetical protein]
[locus_tag=PMM1809],[protein_id=PMM1809],[gene=None],[protein=Conserved hypothetical protein]
[locus_tag=PMM1810],[protein_id=PMM1810],[gene=None],[protein=Conserved hypothetical protein]
[locus_tag=PMM1811],[protein_id=PMM1811],[gene=None],[protein=Conserved hypothetical protein]
[locus_tag=PMM0335],[protein_id=PMM0335],[gene=None],[protein=possible NADH-PLASTOQUINONE OXIDOREDUCTASE CHAIN 5]
[locus_tag=PMM1812],[protein_id=PMM1812],[gene=None],[protein=Conserved hypothetical protein]
[locus_tag=PMM2029],[protein_id=PMM2029],[gene=None],[protein=Hypothetical protein]
[locus_tag=PMM1813],[protein_id=PMM1813],[gene=None],[protein=Conserved hypothetical protein]
[locus_tag=PMM0338],[protein_id=PMM0338],[gene=None],[protein=conserved hypothetical]
[locus_tag=PMM1814],[protein_id=PMM1814],[gene=None],[protein=Conserved hypothetical protein]
[locus_tag=PMM1815],[protein_id=PMM1815],[gene=None],[protein=Conserved hypothetical protein]
[locus_tag=PMM1817],[protein_id=PMM1817],[gene=None],[protein=protein family PM-16]
[locus_tag=PMM1818],[protein_id=PMM1818],[gene=None],[protein=Conserved hypothetical protein]
[locus_tag=PMM1819],[protein_id=PMM1819],[gene=None],[protein=Conserved hypothetical protein]
[locus_tag=PMM0350],[protein_id=PMM0350],[gene=None],[protein=possible TIR domain]
[locus_tag=PMM1820],[protein_id=PMM1820],[gene=None],[protein=Conserved hypothetical protein]
[locus_tag=PMM0351],[protein_id=PMM0351],[gene=None],"[protein=possible Small, acid-soluble spore proteins, a]"
[locus_tag=PMM0353],[protein_id=PMM0353],[gene=None],[protein=Glycosyl transferase family 11]
[locus_tag=PMM0354],[protein_id=PMM0354],[gene=None],[protein=possible Glycosyl transferase]
[locus_tag=PMM1821],[protein_id=PMM1821],[gene=None],[protein=Hypothetical protein]
[locus_tag=PMM1822],[protein_id=PMM1822],[gene=None],[protein=Conserved hypothetical protein]
[locus_tag=PMM1823],[protein_id=PMM1823],[gene=None],[protein=Hypothetical protein]
[locus_tag=PMM1824],[protein_id=PMM1824],[gene=None],[protein=Conserved hypothetical protein]
[locus_tag=PMM0357],[protein_id=PMM0357],[gene=None],[protein=TENA/THI-4 protein]
[locus_tag=PMM0358],[protein_id=PMM0358],[gene=thiD],[protein=Phosphomethylpyrimidine kinase]
[locus_tag=PMM0359],[protein_id=PMM0359],[gene=None],[protein=hypothetical]
[locus_tag=PMM1826],[protein_id=PMM1826],[gene=None],[protein=Conserved hypothetical protein]
[locus_tag=PMM0360],[protein_id=PMM0360],[gene=None],[protein=conserved hypothetical protein]
[locus_tag=PMM0361],[protein_id=PMM0361],[gene=None],[protein=possible Phosphoenolpyruvate carboxykinase]
[locus_tag=PMM0362],[protein_id=PMM0362],[gene=None],[protein=hypothetical]
[locus_tag=PMM0363],[protein_id=PMM0363],[gene=None],[protein=possible MarR family]
[locus_tag=PMM1827],[protein_id=PMM1827],[gene=None],[protein=Hypothetical protein]
[locus_tag=PMM0365],[protein_id=PMM0365],[gene=None],[protein=possible DsrE-like protein]
[locus_tag=PMM0366],[protein_id=PMM0366],[gene=None],[protein=Type-1 copper (blue) domain]
[locus_tag=PMM1829],[protein_id=PMM1829],[gene=None],[protein=Conserved hypothetical protein]
[locus_tag=PMM2033],[protein_id=PMM2033],[gene=None],[protein=Hypothetical protein]
[locus_tag=PMM2034],[protein_id=PMM2034],[gene=None],[protein=Hypothetical protein]
[locus_tag=PMM2035],[protein_id=PMM2035],[gene=None],[protein=Hypothetical protein]
[locus_tag=PMM2036],[protein_id=PMM2036],[gene=None],[protein=Hypothetical protein]
[locus_tag=PMM1830],[protein_id=PMM1830],[gene=None],[protein=Hypothetical protein]
[locus_tag=PMM1831],[protein_id=PMM1831],[gene=None],[protein=Conserved hypothetical protein]
[locus_tag=PMM1832],[protein_id=PMM1832],[gene=None],[protein=Conserved hypothetical protein]
[locus_tag=PMM1833],[protein_id=PMM1833],[gene=None],[protein=Hypothetical protein]
[locus_tag=PMM0370],[protein_id=PMM0370],[gene=None],"[protein=putative cyanate ABC transporter, substrate binding protein]"
[locus_tag=PMM0371],[protein_id=PMM0371],[gene=None],[protein=putative cyanate ABC transporter]
[locus_tag=PMM0375],[protein_id=PMM0375],[gene=None],[protein=possible Type II intron maturase]
[locus_tag=PMM0376],[protein_id=PMM0376],[gene=None],[protein=hypothetical]
[locus_tag=PMM0378],[protein_id=PMM0378],[gene=None],[protein=conserved hypothetical protein]
[locus_tag=PMM1835],[protein_id=PMM1835],[gene=None],[protein=Hypothetical protein]
[locus_tag=PMM1836],[protein_id=PMM1836],[gene=None],[protein=Hypothetical protein]
[locus_tag=PMM1837],[protein_id=PMM1837],[gene=None],[protein=Hypothetical protein]
[locus_tag=PMM0379],[protein_id=PMM0379],[gene=None],[protein=hypothetical]
[locus_tag=PMM0380],[protein_id=PMM0380],[gene=None],[protein=conserved hypothetical protein]
[locus_tag=PMM1839],[protein_id=PMM1839],[gene=None],[protein=Hypothetical protein]
[locus_tag=PMM0381],[protein_id=PMM0381],[gene=None],[protein=hypothetical]
[locus_tag=PMM0382],[protein_id=PMM0382],[gene=None],[protein=possible Ribosomal RNA adenine dimethylase]
[locus_tag=PMM0383],[protein_id=PMM0383],[gene=None],[protein=probable periplasmic protein]
[locus_tag=PMM0384],[protein_id=PMM0384],[gene=spnII-interrupted-C],"[protein=possible uncharacterized restriction enzyme, interrupted-C]"
[locus_tag=PMM1841],[protein_id=PMM1841],[gene=None],[protein=Type III restriction system endonuclease]
[locus_tag=PMM0386],[protein_id=PMM0386],[gene=None],[protein=possible uncharacterized DNA methylase]
[locus_tag=PMM1842],[protein_id=PMM1842],[gene=None],[protein=Hypothetical protein]
[locus_tag=PMM1843],[protein_id=PMM1843],[gene=None],[protein=Hypothetical protein]
[locus_tag=PMM0390],[protein_id=PMM0390],[gene=None],[protein=conserved hypothetical protein]
[locus_tag=PMM0404],[protein_id=PMM0404],[gene=None],[protein=hypothetical]
[locus_tag=PMM1844],[protein_id=PMM1844],[gene=None],[protein=Conserved hypothetical protein]
[locus_tag=PMM1845],[protein_id=PMM1845],[gene=None],[protein=Conserved hypothetical protein]
[locus_tag=PMM0416],[protein_id=PMM0416],[gene=None],[protein=conserved hypothetical protein]
[locus_tag=PMM1847],[protein_id=PMM1847],[gene=None],[protein=Conserved hypothetical protein]
[locus_tag=PMM1848],[protein_id=PMM1848],[gene=None],[protein=Hypothetical protein]
[locus_tag=PMM1849],[protein_id=PMM1849],[gene=None],[protein=Conserved hypothetical protein]
[locus_tag=PMM0427],[protein_id=PMM0427],[gene=None],[protein=putative penicillin binding protein]
[locus_tag=PMM0451],[protein_id=PMM0451],[gene=None],[protein=possible Arenavirus glycoprotein]
[locus_tag=PMM0476],[protein_id=PMM0476],[gene=None],[protein=conserved hypothetical protein]
[locus_tag=PMM0510],[protein_id=PMM0510],[gene=None],[protein=possible Reverse transcriptase (RNA-dependent]
[locus_tag=PMM0514],[protein_id=PMM0514],[gene=None],[protein=putative dihydroorotase]
[locus_tag=PMM0517],[protein_id=PMM0517],[gene=None],[protein=hypothetical protein]
[locus_tag=PMM0528],[protein_id=PMM0528],[gene=None],[protein=DUF152]
[locus_tag=PMM0540],[protein_id=PMM0540],[gene=psaM],[protein=possible photosystem I reaction centre subunit XII (PsaM)]
[locus_tag=PMM0624],[protein_id=PMM0624],[gene=None],[protein=possible Hantavirus glycoprotein G2]
[locus_tag=PMM0625],[protein_id=PMM0625],[gene=None],[protein=hypothetical]
[locus_tag=PMM0650],[protein_id=PMM0650],[gene=None],[protein=possible LEM domain]
[locus_tag=PMM0651],[protein_id=PMM0651],[gene=None],[protein=possible VHS domain]
[locus_tag=PMM0652],[protein_id=PMM0652],[gene=None],"[protein=possible 5'-3' exonuclease, C-terminal SAM fol]"
[locus_tag=PMM1853],[protein_id=PMM1853],[gene=None],[protein=Hypothetical protein]
[locus_tag=PMM0653],[protein_id=PMM0653],[gene=gloA],[protein=LACTOYLGLUTATHIONE LYASE]
[locus_tag=PMM2043],[protein_id=PMM2043],[gene=None],[protein=Hypothetical protein]
[locus_tag=PMM0657],[protein_id=PMM0657],[gene=None],[protein=possible Vanadium/alternative nitrogenase delt]
[locus_tag=PMM1856],[protein_id=PMM1856],[gene=None],[protein=Hypothetical protein]
[locus_tag=PMM1857],[protein_id=PMM1857],[gene=None],[protein=Conserved hypothetical protein]
[locus_tag=PMM1858],[protein_id=PMM1858],[gene=None],[protein=None]
[locus_tag=PMM1859],[protein_id=PMM1859],[gene=None],[protein=Conserved hypothetical protein]
[locus_tag=PMM1860],[protein_id=PMM1860],[gene=None],[protein=Conserved hypothetical protein]
[locus_tag=PMM1861],[protein_id=PMM1861],[gene=None],[protein=Hypothetical protein]
[locus_tag=PMM2046],[protein_id=PMM2046],[gene=None],[protein=Hypothetical protein]
[locus_tag=PMM1862],[protein_id=PMM1862],[gene=None],[protein=Hypothetical protein]
[locus_tag=PMM1863],[protein_id=PMM1863],[gene=None],[protein=Conserved hypothetical protein]
[locus_tag=PMM1864],[protein_id=PMM1864],[gene=None],[protein=Conserved hypothetical protein]
[locus_tag=PMM1865],[protein_id=PMM1865],[gene=None],[protein=Conserved hypothetical protein]
[locus_tag=PMM1866],[protein_id=PMM1866],[gene=None],[protein=Hypothetical protein]
[locus_tag=PMM1867],[protein_id=PMM1867],[gene=None],[protein=Hypothetical protein]
[locus_tag=PMM2051],[protein_id=PMM2051],[gene=None],[protein=Hypothetical protein]
[locus_tag=PMM1868],[protein_id=PMM1868],[gene=None],[protein=Hypothetical protein]
[locus_tag=PMM1869],[protein_id=PMM1869],[gene=None],[protein=Conserved hypothetical protein]
[locus_tag=PMM1870],[protein_id=PMM1870],[gene=None],[protein=Conserved hypothetical protein]
[locus_tag=PMM1872],[protein_id=PMM1872],[gene=None],[protein=Conserved hypothetical protein]
[locus_tag=PMM0693],[protein_id=PMM0693],[gene=None],[protein=possible Hepatitis C virus envelope glycoprote]
[locus_tag=PMM2052],[protein_id=PMM2052],[gene=None],[protein=Hypothetical protein]
[locus_tag=PMM0696],[protein_id=PMM0696],[gene=None],[protein=hypothetical]
[locus_tag=PMM0697],[protein_id=PMM0697],[gene=None],[protein=possible D12 class N6 adenine-specific DNA met]
[locus_tag=PMM1873],[protein_id=PMM1873],[gene=None],[protein=protein family PM-16]
[locus_tag=PMM0698],[protein_id=PMM0698],[gene=None],[protein=possible DnaJ central domain (4 repeats)]
[locus_tag=PMM1874],[protein_id=PMM1874],[gene=None],[protein=Conserved hypothetical protein]
[locus_tag=PMM1875],[protein_id=PMM1875],[gene=None],[protein=Conserved hypothetical protein]
[locus_tag=PMM1876],[protein_id=PMM1876],[gene=None],[protein=Conserved hypothetical protein]
[locus_tag=PMM1877],[protein_id=PMM1877],[gene=None],[protein=Conserved hypothetical protein]
[locus_tag=PMM0715],[protein_id=PMM0715],[gene=None],[protein=possible chorismate binding enzyme]
[locus_tag=PMM0717],[protein_id=PMM0717],[gene=None],[protein=conserved hypothetical protein]
[locus_tag=PMM0718],[protein_id=PMM0718],[gene=None],"[protein=possible Bacterial regulatory proteins, crp fa]"
[locus_tag=PMM1879],[protein_id=PMM1879],[gene=None],[protein=None]
[locus_tag=PMM1880],[protein_id=PMM1880],[gene=None],[protein=Hypothetical protein]
[locus_tag=PMM0720],[protein_id=PMM0720],[gene=None],[protein=possible Poly A polymerase regulatory subunit]
[locus_tag=PMM0721],[protein_id=PMM0721],[gene=None],[protein=possible Myosin N-terminal SH3-like domain]
[locus_tag=PMM0726],[protein_id=PMM0726],[gene=None],[protein=hypothetical]
[locus_tag=PMM0727],[protein_id=PMM0727],[gene=None],[protein=Serine/threonine specific protein phosphatase]
[locus_tag=PMM0728],[protein_id=PMM0728],[gene=None],[protein=DEAD/DEAH box helicase:Helicase C-terminal domain]
[locus_tag=PMM0729],[protein_id=PMM0729],[gene=None],[protein=possible ATP-dependent DNA ligase]
[locus_tag=PMM0730],[protein_id=PMM0730],[gene=None],[protein=conserved hypothetical protein]
[locus_tag=PMM0731],[protein_id=PMM0731],[gene=None],[protein=possible COMC family]
[locus_tag=PMM0732],[protein_id=PMM0732],[gene=None],[protein=possible Major surface glycoprotein]
[locus_tag=PMM0734],[protein_id=PMM0734],[gene=None],"[protein=possible Helix-turn-helix protein, copG family]"
[locus_tag=PMM1882],[protein_id=PMM1882],[gene=None],[protein=Hypothetical protein]
[locus_tag=PMM1885],[protein_id=PMM1885],[gene=None],[protein=Conserved hypothetical protein]
[locus_tag=PMM1886],[protein_id=PMM1886],[gene=None],[protein=Conserved hypothetical protein]
[locus_tag=PMM0736],[protein_id=PMM0736],[gene=None],[protein=possible Alpha-2-macroglobulin family N-termin]
[locus_tag=PMM1888],[protein_id=PMM1888],[gene=None],[protein=Conserved hypothetical protein]
[locus_tag=PMM1889],[protein_id=PMM1889],[gene=None],[protein=Hypothetical protein]
[locus_tag=PMM0755],[protein_id=PMM0755],[gene=None],[protein=possible Adenylate cyclase]
[locus_tag=PMM1890],[protein_id=PMM1890],[gene=None],[protein=Conserved hypothetical protein]
[locus_tag=PMM0781],[protein_id=PMM0781],"[gene=cbbA,cfxA,fbaA,fda]","[protein=Fructose-bisphosphate/sedoheptulose-1,7-bisphosphate aldolase]"
[locus_tag=PMM0789],[protein_id=PMM0789],[gene=None],[protein=conserved hypothetical protein]
[locus_tag=PMM2054],[protein_id=PMM2054],[gene=None],[protein=Hypothetical protein]
[locus_tag=PMM0805],[protein_id=PMM0805],[gene=None],[protein=hypothetical]
[locus_tag=PMM2055],[protein_id=PMM2055],[gene=None],[protein=Hypothetical protein]
[locus_tag=PMM0809],[protein_id=PMM0809],[gene=None],[protein=possible S1 RNA binding domain]
[locus_tag=PMM1892],[protein_id=PMM1892],[gene=None],[protein=Conserved hypothetical protein]
[locus_tag=PMM1893],[protein_id=PMM1893],[gene=None],[protein=Conserved hypothetical protein]
[locus_tag=PMM0811],[protein_id=PMM0811],[gene=None],[protein=possible (AF143461) BdrC3 [Borrelia hermsii]
[locus_tag=PMM0812],[protein_id=PMM0812],[gene=None],[protein=hypothetical]
[locus_tag=PMM1894],[protein_id=PMM1894],[gene=None],[protein=Conserved hypothetical protein]
[locus_tag=PMM1895],[protein_id=PMM1895],[gene=None],[protein=Hypothetical protein]
[locus_tag=PMM1897],[protein_id=PMM1897],[gene=None],[protein=Conserved hypothetical protein]
[locus_tag=PMM1898],[protein_id=PMM1898],[gene=None],[protein=Conserved hypothetical protein]
[locus_tag=PMM0819],[protein_id=PMM0819],[gene=None],[protein=hypothetical]
[locus_tag=PMM0820],[protein_id=PMM0820],[gene=None],[protein=possible EPSP synthase (3-phosphoshikimate 1-c]
[locus_tag=PMM0838],[protein_id=PMM0838],[gene=None],[protein=possible Nucleoside diphosphate kinase]
[locus_tag=PMM1899],[protein_id=PMM1899],[gene=None],[protein=Conserved hypothetical protein]
[locus_tag=PMM0846],[protein_id=PMM0846],[gene=None],"[protein=possible Uncharacterized secreted proteins, Ya]"
[locus_tag=PMM0850],[protein_id=PMM0850],[gene=None],[protein=conserved hypothetical protein]
[locus_tag=PMM1900],[protein_id=PMM1900],[gene=None],[protein=Conserved hypothetical protein]
[locus_tag=PMM0852],[protein_id=PMM0852],[gene=None],[protein=conserved hypothetical protein]
[locus_tag=PMM0855],[protein_id=PMM0855],[gene=None],[protein=conserved hypothetical]
[locus_tag=PMM1901],[protein_id=PMM1901],[gene=None],[protein=Conserved hypothetical protein]
[locus_tag=PMM1902],[protein_id=PMM1902],[gene=None],[protein=Conserved hypothetical protein]
[locus_tag=PMM0857],[protein_id=PMM0857],[gene=None],[protein=possible Influenza RNA-dependent RNA polymeras]
[locus_tag=PMM1904],[protein_id=PMM1904],[gene=None],[protein=Conserved hypothetical protein]
[locus_tag=PMM1905],[protein_id=PMM1905],[gene=None],[protein=Conserved hypothetical protein]
[locus_tag=PMM1906],[protein_id=PMM1906],[gene=None],[protein=Conserved hypothetical protein]
[locus_tag=PMM1907],[protein_id=PMM1907],[gene=None],[protein=Conserved hypothetical protein]
[locus_tag=PMM1908],[protein_id=PMM1908],[gene=None],[protein=Conserved hypothetical protein]
[locus_tag=PMM1909],[protein_id=PMM1909],[gene=None],[protein=Conserved hypothetical protein]
[locus_tag=PMM0859],[protein_id=PMM0859],[gene=None],[protein=hypothetical]
[locus_tag=PMM1910],[protein_id=PMM1910],[gene=None],[protein=Conserved hypothetical protein]
[locus_tag=PMM1912],[protein_id=PMM1912],[gene=None],[protein=Hypothetical protein]
[locus_tag=PMM0860],[protein_id=PMM0860],[gene=None],[protein=possible Hantavirus glycoprotein G1]
[locus_tag=PMM0861],[protein_id=PMM0861],[gene=None],[protein=possible Virion host shutoff protein]
[locus_tag=PMM1914],[protein_id=PMM1914],[gene=None],[protein=Hypothetical protein]
[locus_tag=PMM0864],[protein_id=PMM0864],[gene=None],[protein=possible Fusion glycoprotein F0.]
[locus_tag=PMM0866],[protein_id=PMM0866],[gene=None],[protein=possible SMC domain N terminal domain]
[locus_tag=PMM1915],[protein_id=PMM1915],[gene=None],[protein=Conserved hypothetical protein]
[locus_tag=PMM0922],[protein_id=PMM0922],[gene=None],[protein=conserved hypothetical protein]
[locus_tag=PMM1916],[protein_id=PMM1916],[gene=None],[protein=None]
[locus_tag=PMM0934],[protein_id=PMM0934],[gene=None],[protein=conserved hypothetical protein]
[locus_tag=PMM1918],[protein_id=PMM1918],[gene=None],[protein=Conserved hypothetical protein]
[locus_tag=PMM1920],[protein_id=PMM1920],[gene=None],[protein=Conserved hypothetical protein]
[locus_tag=PMM1921],[protein_id=PMM1921],[gene=None],[protein=Conserved hypothetical protein]
[locus_tag=PMM1922],[protein_id=PMM1922],[gene=None],[protein=Conserved hypothetical protein]
[locus_tag=PMM0979],[protein_id=PMM0979],[gene=None],[protein=hypothetical]
[locus_tag=PMM0980],[protein_id=PMM0980],[gene=None],[protein=hypothetical]
[locus_tag=PMM1923],[protein_id=PMM1923],[gene=None],[protein=Conserved hypothetical protein]
[locus_tag=PMM1924],[protein_id=PMM1924],[gene=None],[protein=Conserved hypothetical protein]
[locus_tag=PMM1925],[protein_id=PMM1925],[gene=None],[protein=Conserved hypothetical protein]
[locus_tag=PMM1926],[protein_id=PMM1926],[gene=None],[protein=Conserved hypothetical protein]
[locus_tag=PMM1927],[protein_id=PMM1927],[gene=None],[protein=Hypothetical protein]
[locus_tag=PMM0995],[protein_id=PMM0995],[gene=None],[protein=hypothetical]
[locus_tag=PMM1928],[protein_id=PMM1928],[gene=None],[protein=Conserved hypothetical protein]
[locus_tag=PMM1929],[protein_id=PMM1929],[gene=None],[protein=Conserved hypothetical protein]
[locus_tag=PMM1930],[protein_id=PMM1930],[gene=None],[protein=Conserved hypothetical protein]
[locus_tag=PMM0999],[protein_id=PMM0999],[gene=None],[protein=hypothetical]
[locus_tag=PMM1000],[protein_id=PMM1000],[gene=None],[protein=conserved hypothetical protein]
[locus_tag=PMM1932],[protein_id=PMM1932],[gene=None],[protein=Conserved hypothetical protein]
[locus_tag=PMM1933],[protein_id=PMM1933],[gene=None],[protein=Hypothetical protein]
[locus_tag=PMM1003],[protein_id=PMM1003],[gene=None],[protein=possible Photosystem II reaction centre N prot]
[locus_tag=PMM1934],[protein_id=PMM1934],[gene=None],[protein=Conserved hypothetical protein]
[locus_tag=PMM1005],[protein_id=PMM1005],[gene=None],[protein=possible Legume lectins alpha domain]
[locus_tag=PMM1007],[protein_id=PMM1007],[gene=None],[protein=None]
[locus_tag=PMM1011],[protein_id=PMM1011],[gene=None],[protein=hypothetical]
[locus_tag=PMM1936],[protein_id=PMM1936],[gene=None],[protein=Conserved hypothetical protein]
[locus_tag=PMM1014],[protein_id=PMM1014],[gene=None],[protein=conserved hypothetical protein]
[locus_tag=PMM1938],[protein_id=PMM1938],[gene=None],[protein=Conserved hypothetical protein]
[locus_tag=PMM1016],[protein_id=PMM1016],[gene=None],[protein=possible Virion host shutoff protein]
[locus_tag=PMM1940],[protein_id=PMM1940],[gene=None],[protein=Conserved hypothetical protein]
[locus_tag=PMM1019],[protein_id=PMM1019],[gene=None],[protein=possible Integrin alpha cytoplasmic region]
[locus_tag=PMM1942],[protein_id=PMM1942],[gene=None],[protein=None]
[locus_tag=PMM1943],[protein_id=PMM1943],[gene=None],[protein=Conserved hypothetical protein]
[locus_tag=PMM1023],[protein_id=PMM1023],[gene=None],"[protein=possible lactate/malate dehydrogenase, alpha/b]"
[locus_tag=PMM1945],[protein_id=PMM1945],[gene=None],[protein=Conserved hypothetical protein]
[locus_tag=PMM1946],[protein_id=PMM1946],[gene=None],[protein=Conserved hypothetical protein]
[locus_tag=PMM1947],[protein_id=PMM1947],[gene=None],[protein=None]
[locus_tag=PMM1948],[protein_id=PMM1948],[gene=None],[protein=Conserved hypothetical protein]
[locus_tag=PMM1949],[protein_id=PMM1949],[gene=None],[protein=Conserved hypothetical protein]
[locus_tag=PMM1950],[protein_id=PMM1950],[gene=None],[protein=Conserved hypothetical protein]
[locus_tag=PMM2057],[protein_id=PMM2057],[gene=None],[protein=Hypothetical protein]
[locus_tag=PMM1952],[protein_id=PMM1952],[gene=None],[protein=Conserved hypothetical protein]
[locus_tag=PMM1036],[protein_id=PMM1036],[gene=None],[protein=hypothetical]
[locus_tag=PMM1953],[protein_id=PMM1953],[gene=None],[protein=Conserved hypothetical protein]
[locus_tag=PMM1076],[protein_id=PMM1076],[gene=None],[protein=conserved hypothetical protein]
[locus_tag=PMM1100],[protein_id=PMM1100],[gene=None],[protein=hypothetical]
[locus_tag=PMM1106],[protein_id=PMM1106],[gene=None],[protein=conserved hypothetical protein]
[locus_tag=PMM1109],[protein_id=PMM1109],[gene=None],[protein=conserved hypothetical protein]
[locus_tag=PMM1114],[protein_id=PMM1114],[gene=None],[protein=conserved hypothetical protein]
[locus_tag=PMM1117],[protein_id=PMM1117],[gene=psbY],[protein=possible Photosystem II reaction center Y protein (PsbY)]
[locus_tag=PMM1954],[protein_id=PMM1954],[gene=None],[protein=Conserved hypothetical protein]
[locus_tag=PMM1955],[protein_id=PMM1955],[gene=None],[protein=Conserved hypothetical protein]
[locus_tag=PMM1124],[protein_id=PMM1124],[gene=None],[protein=possible Natural resistance-associated macroph]
[locus_tag=PMM1126],[protein_id=PMM1126],[gene=None],[protein=Domain of unknown function DUF33]
[locus_tag=PMM2059],[protein_id=PMM2059],[gene=None],[protein=Hypothetical protein]
[locus_tag=PMM1127],[protein_id=PMM1127],[gene=None],[protein=possible NAD(P) transhydrogenase beta subunit]
[locus_tag=PMM1128],[protein_id=PMM1128],[gene=hli15],[protein=possible high light inducible protein]
[locus_tag=PMM1956],[protein_id=PMM1956],[gene=None],[protein=Hypothetical protein]
[locus_tag=PMM1129],[protein_id=PMM1129],[gene=None],[protein=possible Notch (DSL) domain]
[locus_tag=PMM1130],[protein_id=PMM1130],[gene=None],[protein=hypothetical]
[locus_tag=PMM1957],[protein_id=PMM1957],[gene=None],[protein=Conserved hypothetical protein]
[locus_tag=PMM1959],[protein_id=PMM1959],[gene=None],[protein=Conserved hypothetical protein]
[locus_tag=PMM2061],[protein_id=PMM2061],[gene=None],[protein=Hypothetical protein]
[locus_tag=PMM1960],[protein_id=PMM1960],[gene=None],[protein=Conserved hypothetical protein]
[locus_tag=PMM1961],[protein_id=PMM1961],[gene=None],[protein=Conserved hypothetical protein]
[locus_tag=PMM1134],[protein_id=PMM1134],[gene=None],[protein=possible Phosphatidylinositol-specific phospho]
[locus_tag=PMM1962],[protein_id=PMM1962],[gene=None],[protein=Conserved hypothetical protein]
[locus_tag=PMM1136],[protein_id=PMM1136],[gene=None],[protein=possible Uncharacterized protein family UPF005]
[locus_tag=PMM1963],[protein_id=PMM1963],[gene=None],[protein=Hypothetical protein]
[locus_tag=PMM1965],[protein_id=PMM1965],[gene=None],[protein=Conserved hypothetical protein]
[locus_tag=PMM1143],[protein_id=PMM1143],[gene=None],[protein=conserved hypothetical protein]
[locus_tag=PMM1162],[protein_id=PMM1162],[gene=None],[protein=conserved hypothetical protein]
[locus_tag=PMM1967],[protein_id=PMM1967],[gene=None],[protein=Hypothetical protein]
[locus_tag=PMM1163],[protein_id=PMM1163],[gene=None],[protein=possible Trehalase]
[locus_tag=PMM1968],[protein_id=PMM1968],[gene=None],[protein=Conserved hypothetical protein]
[locus_tag=PMM1969],[protein_id=PMM1969],[gene=None],[protein=Conserved hypothetical protein]
[locus_tag=PMM1970],[protein_id=PMM1970],[gene=None],[protein=Hypothetical protein]
[locus_tag=PMM1971],[protein_id=PMM1971],[gene=None],[protein=Conserved hypothetical protein]
[locus_tag=PMM1198],[protein_id=PMM1198],[gene=None],[protein=hypothetical protein]
[locus_tag=PMM1199],[protein_id=PMM1199],[gene=None],[protein=conserved hypothetical protein]
[locus_tag=PMM1200],[protein_id=PMM1200],[gene=None],"[protein=Glycosyl transferase, family 2]"
[locus_tag=PMM1202],[protein_id=PMM1202],[gene=None],[protein=possible nucleoside-diphosphate-sugar epimerase]
[locus_tag=PMM1206],[protein_id=PMM1206],[gene=None],[protein=hypothetical protein]
[locus_tag=PMM1207],[protein_id=PMM1207],[gene=None],[protein=Putative fucose synthetase]
[locus_tag=PMM1211],[protein_id=PMM1211],[gene=None],[protein=possible polysaccharide export or synthesis protein]
[locus_tag=PMM1212],[protein_id=PMM1212],[gene=None],[protein=conserved hypothetical protein]
[locus_tag=PMM1213],[protein_id=PMM1213],[gene=None],[protein=Glycosyl transferases group 1]
[locus_tag=PMM1214],[protein_id=PMM1214],[gene=None],[protein=possible phosphatase]
[locus_tag=PMM1215],[protein_id=PMM1215],[gene=None],[protein=conserved hypothetical protein]
[locus_tag=PMM1217],[protein_id=PMM1217],[gene=None],[protein=putative phosphoheptose isomerase]
[locus_tag=PMM1218],[protein_id=PMM1218],[gene=rfaE],[protein=putative ADP-heptose synthase]
[locus_tag=PMM1220],[protein_id=PMM1220],[gene=None],[protein=putative glycosyl transferase]
[locus_tag=PMM1221],[protein_id=PMM1221],[gene=None],"[protein=Glycosyl transferase, group 1]"
[locus_tag=PMM1222],[protein_id=PMM1222],[gene=None],[protein=possible glycosyl transferase]
[locus_tag=PMM1224],[protein_id=PMM1224],[gene=gumB],[protein=putative polysaccharide export protein]
[locus_tag=PMM1225],[protein_id=PMM1225],[gene=None],[protein=conserved hypothetical protein]
[locus_tag=PMM1226],[protein_id=PMM1226],[gene=None],[protein=conserved hypothetical protein]
[locus_tag=PMM1228],[protein_id=PMM1228],[gene=None],[protein=hypothetical protein]
[locus_tag=PMM1231],[protein_id=PMM1231],[gene=None],[protein=conserved hypothetical]
[locus_tag=PMM1232],[protein_id=PMM1232],[gene=None],[protein=methyltransferase]
[locus_tag=PMM1233],[protein_id=PMM1233],[gene=rfbD],[protein=putative dTDP-4-dehydrorhamnose reductase]
[locus_tag=PMM1234],[protein_id=PMM1234],[gene=None],[protein=Zinc-containing alcohol dehydrogenase superfamily]
[locus_tag=PMM1237],[protein_id=PMM1237],[gene=None],[protein=conserved hypothetical protein]
[locus_tag=PMM1238],[protein_id=PMM1238],[gene=None],[protein=conserved hypothetical protein]
[locus_tag=PMM1240],[protein_id=PMM1240],[gene=None],[protein=methyltransferase]
[locus_tag=PMM1241],[protein_id=PMM1241],[gene=None],[protein=hypothetical protein]
[locus_tag=PMM1242],[protein_id=PMM1242],[gene=None],[protein=hypothetical protein]
[locus_tag=PMM1244],[protein_id=PMM1244],[gene=None],[protein=hypothetical protein]
[locus_tag=PMM1245],[protein_id=PMM1245],[gene=None],[protein=conserved hypothetical protein]
[locus_tag=PMM1246],[protein_id=PMM1246],[gene=None],[protein=Carbamoyltransferase]
[locus_tag=PMM1247],[protein_id=PMM1247],[gene=None],[protein=hypothetical protein]
[locus_tag=PMM1248],[protein_id=PMM1248],[gene=None],[protein=hypothetical protein]
[locus_tag=PMM1249],[protein_id=PMM1249],[gene=None],[protein=conserved hypothetical protein]
[locus_tag=PMM1972],[protein_id=PMM1972],[gene=None],[protein=Conserved hypothetical protein]
[locus_tag=PMM1250],[protein_id=PMM1250],[gene=None],[protein=conserved hypothetical protein]
[locus_tag=PMM1251],[protein_id=PMM1251],[gene=None],[protein=Carbamoyltransferase]
[locus_tag=PMM1252],[protein_id=PMM1252],[gene=None],[protein=possible acetyltransferase]
[locus_tag=PMM1253],[protein_id=PMM1253],[gene=None],[protein=possible methyltransferase]
[locus_tag=PMM1254],[protein_id=PMM1254],[gene=None],"[protein=putative glycosyl transferase, family 2]"
[locus_tag=PMM1255],[protein_id=PMM1255],[gene=None],[protein=hypothetical protein]
[locus_tag=PMM1256],[protein_id=PMM1256],[gene=None],"[protein=putative glycosyl transferase, family 2]"
[locus_tag=PMM1277],[protein_id=PMM1277],[gene=None],[protein=conserved hypothetical protein]
[locus_tag=PMM1973],[protein_id=PMM1973],[gene=None],[protein=Conserved hypothetical protein]
[locus_tag=PMM1320],[protein_id=PMM1320],[gene=None],[protein=hypothetical]
[locus_tag=PMM1357],[protein_id=PMM1357],[gene=None],"[protein=Steroid 5-alpha reductase, C-terminal domain]"
[locus_tag=PMM1975],[protein_id=PMM1975],[gene=None],[protein=Conserved hypothetical protein]
[locus_tag=PMM1362],[protein_id=PMM1362],[gene=None],[protein=hypothetical]
[locus_tag=PMM1976],[protein_id=PMM1976],[gene=None],[protein=Hypothetical protein]
[locus_tag=PMM2063],[protein_id=PMM2063],[gene=None],[protein=Hypothetical protein]
[locus_tag=PMM1366],[protein_id=PMM1366],[gene=None],[protein=DUF209]
[locus_tag=PMM1978],[protein_id=PMM1978],[gene=None],[protein=Conserved hypothetical protein]
[locus_tag=PMM1979],[protein_id=PMM1979],[gene=None],[protein=Conserved hypothetical protein]
[locus_tag=PMM2064],[protein_id=PMM2064],[gene=None],[protein=Hypothetical protein]
[locus_tag=PMM1980],[protein_id=PMM1980],[gene=None],[protein=Conserved hypothetical protein]
[locus_tag=PMM1982],[protein_id=PMM1982],[gene=None],[protein=Conserved hypothetical protein]
[locus_tag=PMM1983],[protein_id=PMM1983],[gene=None],[protein=Conserved hypothetical protein]
[locus_tag=PMM1984],[protein_id=PMM1984],[gene=None],[protein=Hypothetical protein]
[locus_tag=PMM1985],[protein_id=PMM1985],[gene=None],[protein=Conserved hypothetical protein]
[locus_tag=PMM1373],[protein_id=PMM1373],[gene=None],[protein=conserved hypothetical protein]
[locus_tag=PMM1986],[protein_id=PMM1986],[gene=None],[protein=Conserved hypothetical protein]
[locus_tag=PMM1374],[protein_id=PMM1374],[gene=None],[protein=possible Type I restriction modification DNA s]
[locus_tag=PMM1375],[protein_id=PMM1375],[gene=None],[protein=possible M protein repeat]
[locus_tag=PMM1987],[protein_id=PMM1987],[gene=None],[protein=Conserved hypothetical protein]
[locus_tag=PMM1377],[protein_id=PMM1377],[gene=None],[protein=similar to dihydroflavonol-4-reductase]
[locus_tag=PMM1378],[protein_id=PMM1378],"[gene=des,yocE]","[protein=Fatty acid desaturase, type 2]"
[locus_tag=PMM1988],[protein_id=PMM1988],[gene=None],[protein=Conserved hypothetical protein]
[locus_tag=PMM1990],[protein_id=PMM1990],[gene=None],[protein=Conserved hypothetical protein]
[locus_tag=PMM1992],[protein_id=PMM1992],[gene=None],[protein=Conserved hypothetical protein]
[locus_tag=PMM2065],[protein_id=PMM2065],[gene=None],[protein=Hypothetical protein]
[locus_tag=PMM1993],[protein_id=PMM1993],[gene=None],[protein=Hypothetical protein]
[locus_tag=PMM2067],[protein_id=PMM2067],[gene=None],[protein=Hypothetical protein]
[locus_tag=PMM1995],[protein_id=PMM1995],[gene=None],[protein=Conserved hypothetical protein]
[locus_tag=PMM1996],[protein_id=PMM1996],[gene=None],[protein=Hypothetical protein]
[locus_tag=PMM2069],[protein_id=PMM2069],[gene=None],[protein=Hypothetical protein]
[locus_tag=PMM1998],[protein_id=PMM1998],[gene=None],[protein=Conserved hypothetical protein]
[locus_tag=PMM1999],[protein_id=PMM1999],[gene=None],[protein=Conserved hypothetical protein]
[locus_tag=PMM2072],[protein_id=PMM2072],[gene=None],[protein=Hypothetical protein]
[locus_tag=PMM2001],[protein_id=PMM2001],[gene=None],[protein=Conserved hypothetical protein]
[locus_tag=PMM1387],[protein_id=PMM1387],[gene=None],[protein=hypothetical]
[locus_tag=PMM2003],[protein_id=PMM2003],[gene=None],[protein=Conserved hypothetical protein]
[locus_tag=PMM1391],[protein_id=PMM1391],[gene=None],"[protein=possible Helix-turn-helix protein, copG family]"
[locus_tag=PMM1392],[protein_id=PMM1392],[gene=None],[protein=possible Heat-labile enterotoxin alpha chain]
[locus_tag=PMM1393],[protein_id=PMM1393],[gene=None],[protein=possible Carbon storage regulator]
[locus_tag=PMM1394],[protein_id=PMM1394],[gene=None],[protein=hypothetical]
[locus_tag=PMM1395],[protein_id=PMM1395],[gene=None],[protein=hypothetical]
[locus_tag=PMM2005],[protein_id=PMM2005],[gene=None],[protein=Conserved hypothetical protein]
[locus_tag=PMM2006],[protein_id=PMM2006],[gene=None],[protein=Hypothetical protein]
[locus_tag=PMM1402],[protein_id=PMM1402],[gene=None],[protein=None]
[locus_tag=PMM2007],[protein_id=PMM2007],[gene=None],[protein=Hypothetical protein]
[locus_tag=PMM1405],[protein_id=PMM1405],[gene=None],[protein=hypothetical]
[locus_tag=PMM1406],[protein_id=PMM1406],[gene=None],[protein=hypothetical]
[locus_tag=PMM1407],[protein_id=PMM1407],[gene=None],[protein=possible SRP19 protein]
[locus_tag=PMM1410],[protein_id=PMM1410],[gene=None],"[protein=possible PTS system, Lactose/Cellobiose specif]"
[locus_tag=PMM2074],[protein_id=PMM2074],[gene=None],[protein=Hypothetical protein]
[locus_tag=PMM2010],[protein_id=PMM2010],[gene=None],[protein=Hypothetical protein]
[locus_tag=PMM2011],[protein_id=PMM2011],[gene=None],[protein=Hypothetical protein]
[locus_tag=PMM1411],[protein_id=PMM1411],[gene=None],[protein=hypothetical]
[locus_tag=PMM2012],[protein_id=PMM2012],[gene=None],[protein=Hypothetical protein]
[locus_tag=PMM1413],[protein_id=PMM1413],[gene=None],[protein=conserved hypothetical]
[locus_tag=PMM1415],[protein_id=PMM1415],[gene=None],[protein=possible UBX domain]
[locus_tag=PMM2075],[protein_id=PMM2075],[gene=None],[protein=Hypothetical protein]
[locus_tag=PMM1416],[protein_id=PMM1416],[gene=None],[protein=conserved hypothetical]
[locus_tag=PMM2013],[protein_id=PMM2013],[gene=None],[protein=Hypothetical protein]
[locus_tag=PMM1417],[protein_id=PMM1417],[gene=None],[protein=Staphylococcus nuclease (SNase) homologues]
[locus_tag=PMM1418],[protein_id=PMM1418],[gene=None],[protein=possible Voltage gated chloride channel]
[locus_tag=PMM1419],[protein_id=PMM1419],[gene=None],[protein=possible ATP synthase B/B' CF(0)]
[locus_tag=PMM2014],[protein_id=PMM2014],[gene=None],[protein=Hypothetical protein]
[locus_tag=PMM1423],[protein_id=PMM1423],[gene=None],[protein=conserved hypothetical protein]
[locus_tag=PMM1424],[protein_id=PMM1424],[gene=None],[protein=possible Uncharacterized protein family UPF003]
[locus_tag=PMM2077],[protein_id=PMM2077],[gene=None],[protein=Hypothetical protein]
[locus_tag=PMM2015],[protein_id=PMM2015],[gene=None],[protein=Hypothetical protein]
[locus_tag=PMM1426],[protein_id=PMM1426],[gene=None],[protein=hypothetical]
[locus_tag=PMM1433],[protein_id=PMM1433],[gene=None],[protein=Phosphoribosyl transferase]
[locus_tag=PMM2016],[protein_id=PMM2016],[gene=None],[protein=Conserved hypothetical protein]
[locus_tag=PMM1441],[protein_id=PMM1441],[gene=None],[protein=hypothetical]
[locus_tag=PMM1448],[protein_id=PMM1448],[gene=None],[protein=conserved hypothetical protein]
[locus_tag=PMM2017],[protein_id=PMM2017],[gene=None],[protein=None]
[locus_tag=PMM1473],[protein_id=PMM1473],[gene=None],[protein=conserved hypothetical protein]
[locus_tag=PMM1497],[protein_id=PMM1497],[gene=None],"[protein=Glycosyl transferase, family 2]"
[locus_tag=PMM1515],[protein_id=PMM1515],[gene=None],[protein=Site-specific recombinase]
[locus_tag=PMM1516],[protein_id=PMM1516],[gene=None],[protein=hypothetical]
[locus_tag=PMM1520],[protein_id=PMM1520],[gene=psaI],[protein=photosystem I subunit VIII (PsaI)]
[locus_tag=PMM1521],[protein_id=PMM1521],[gene=None],[protein=possible Annexin]
[locus_tag=PMM1538],[protein_id=PMM1538],"[gene=rpmJ,rpl36]",[protein=50S Ribosomal protein L36]
[locus_tag=PMM1595],[protein_id=PMM1595],[gene=None],[protein=conserved hypothetical protein]
[locus_tag=PMM1612],[protein_id=PMM1612],[gene=None],[protein=conserved hypothetical]
[locus_tag=PMM1631],[protein_id=PMM1631],[gene=None],[protein=conserved hypothetical protein]
[locus_tag=PMM1632],[protein_id=PMM1632],[gene=None],[protein=conserved hypothetical protein]
[locus_tag=PMM1633],[protein_id=PMM1633],[gene=None],[protein=conserved hypothetical protein]
[locus_tag=PMM1641],[protein_id=PMM1641],[gene=None],[protein=hypothetical protein]
[locus_tag=PMM1679],[protein_id=PMM1679],[gene=lig],[protein=ATP-dependent DNA ligase]
[locus_tag=PMM2020],[protein_id=PMM2020],[gene=None],[protein=Conserved hypothetical protein]
