[locus_tag=PMM0030],[protein_id=CAE18489.1],[gene=None],[protein=possible Transcription factor TFIID (or TATA-b]
[locus_tag=PMM0038],[protein_id=CAE18497.1],[gene=None],[protein=hypothetical]
[locus_tag=PMM1800],[protein_id=CAP16302.1],[gene=None],[protein=Conserved hypothetical protein]
[locus_tag=PMM2021],[protein_id=CAX37110.1],[gene=None],[protein=Hypothetical protein]
[locus_tag=PMM1801],[protein_id=CAP16303.1],[gene=None],[protein=Conserved hypothetical protein]
[locus_tag=PMM1802],[protein_id=CAP16304.1],[gene=None],[protein=Conserved hypothetical protein]
[locus_tag=PMM0062],[protein_id=CAE18521.1],[gene=psbX],[protein=photosystem II PsbX protein]
[locus_tag=PMM0066],[protein_id=CAE18525.1],[gene=None],[protein=conserved hypothetical protein]
[locus_tag=PMM0074],[protein_id=CAE18533.1],[gene=None],[protein=conserved hypothetical]
[locus_tag=PMM1805],[protein_id=CAP16307.1],[gene=None],[protein=Conserved hypothetical protein]
[locus_tag=PMM0094],[protein_id=CAE18553.1],[gene=None],[protein=conserved hypothetical protein]
[locus_tag=PMM0126],[protein_id=CAE18585.1],[gene=None],[protein=possible Herpesvirus UL6 like]
[locus_tag=PMM0127],[protein_id=CAE18586.1],[gene=None],[protein=possible Signal peptide binding domain]
[locus_tag=PMM0162],[protein_id=CAE18621.1],[gene=None],[protein=hypothetical]
[locus_tag=PMM0210],[protein_id=CAE18669.1],[gene=None],[protein=possible (AF128446) repeat motif protein]
[locus_tag=PMM0212],[protein_id=CAE18671.1],[gene=None],[protein=conserved hypothetical protein]
[locus_tag=PMM0219],[protein_id=CAE18678.1],[gene=None],[protein=conserved hypothetical]
[locus_tag=PMM0230],[protein_id=CAE18689.1],[gene=None],[protein=conserved hypothetical protein]
[locus_tag=PMM0237],[protein_id=CAE18696.1],[gene=None],[protein=conserved hypothetical protein]
[locus_tag=PMM0243],[protein_id=CAE18702.1],[gene=None],[protein=possible Thy1 protein homolog]
[locus_tag=PMM0272],[protein_id=CAE18731.1],[gene=None],[protein=Photosystem II protein PsbK]
[locus_tag=PMM0299],[protein_id=CAE18758.1],[gene=psbL],[protein=photosystem II PsbL protein]
[locus_tag=PMM1807],[protein_id=CAP16311.1],[gene=None],[protein=Conserved hypothetical protein]
[locus_tag=PMM0307],[protein_id=CAE18766.1],[gene=None],[protein=hypothetical]
[locus_tag=PMM0317],[protein_id=CAE18776.1],[gene=psbM],[protein=possible Photosystem II reaction center M protein (PsbM)]
[locus_tag=PMM1808],[protein_id=CAP16312.1],[gene=None],[protein=Conserved hypothetical protein]
[locus_tag=PMM0332],[protein_id=CAE18791.1],[gene=None],[protein=possible Rhomboid family]
[locus_tag=PMM1809],[protein_id=CAP16313.1],[gene=None],[protein=Conserved hypothetical protein]
[locus_tag=PMM1810],[protein_id=CAP16314.1],[gene=None],[protein=Conserved hypothetical protein]
[locus_tag=PMM1811],[protein_id=CAP16315.1],[gene=None],[protein=Conserved hypothetical protein]
[locus_tag=PMM0335],[protein_id=CAE18794.1],[gene=None],[protein=possible NADH-PLASTOQUINONE OXIDOREDUCTASE CHAIN 5]
[locus_tag=PMM0336],[protein_id=CAE18795.1],[gene=None],[protein=conserved hypothetical]
[locus_tag=PMM1812],[protein_id=CAP16316.1],[gene=None],[protein=Conserved hypothetical protein]
[locus_tag=PMM2029],[protein_id=CAX37111.1],[gene=None],[protein=Hypothetical protein]
[locus_tag=PMM0337],[protein_id=CAE18796.1],[gene=None],[protein=conserved hypothetical protein]
[locus_tag=PMM1813],[protein_id=CAP16317.1],[gene=None],[protein=Conserved hypothetical protein]
[locus_tag=PMM1814],[protein_id=CAP16318.1],[gene=None],[protein=Conserved hypothetical protein]
[locus_tag=PMM1815],[protein_id=CAP16319.1],[gene=None],[protein=Conserved hypothetical protein]
[locus_tag=PMM0342],[protein_id=CAE18801.1],[gene=None],[protein=possible Helper component proteinase]
[locus_tag=PMM1817],[protein_id=CAP16321.1],[gene=None],[protein=protein family PM-16]
[locus_tag=PMM0344],[protein_id=CAE18803.1],[gene=None],[protein=possible Influenza non-structural protein (NS2]
[locus_tag=PMM1818],[protein_id=CAP16322.1],[gene=None],[protein=Conserved hypothetical protein]
[locus_tag=PMM1819],[protein_id=CAP16323.1],[gene=None],[protein=Conserved hypothetical protein]
[locus_tag=PMM0348],[protein_id=CAE18807.1],[gene=None],[protein=possible Spectrin repeat]
[locus_tag=PMM0349],[protein_id=CAE18808.1],[gene=None],[protein=Class I peptide chain release factor]
[locus_tag=PMM0350],[protein_id=CAE18809.1],[gene=None],[protein=possible TIR domain]
[locus_tag=PMM1820],[protein_id=CAP16324.1],[gene=None],[protein=Conserved hypothetical protein]
[locus_tag=PMM0351],[protein_id=CAE18810.1],[gene=None],"[protein=possible Small, acid-soluble spore proteins, a]"
[locus_tag=PMM0353],[protein_id=CAE18812.1],[gene=None],[protein=Glycosyl transferase family 11]
[locus_tag=PMM0354],[protein_id=CAE18813.1],[gene=None],[protein=possible Glycosyl transferase]
[locus_tag=PMM1821],[protein_id=CAP16325.1],[gene=None],[protein=Hypothetical protein]
[locus_tag=PMM1822],[protein_id=CAP16326.1],[gene=None],[protein=Conserved hypothetical protein]
[locus_tag=PMM0355],[protein_id=CAE18814.1],[gene=None],[protein=conserved hypothetical protein]
[locus_tag=PMM1823],[protein_id=CAP16327.1],[gene=None],[protein=Hypothetical protein]
[locus_tag=PMM1824],[protein_id=CAP16328.1],[gene=None],[protein=Conserved hypothetical protein]
[locus_tag=PMM0356],[protein_id=CAE18815.1],[gene=None],[protein=proline iminopeptidase]
[locus_tag=PMM1825],[protein_id=CAP16329.1],[gene=None],[protein=Conserved hypothetical protein]
[locus_tag=PMM0357],[protein_id=CAE18816.1],[gene=None],[protein=TENA/THI-4 protein]
[locus_tag=PMM0358],[protein_id=CAE18817.1],[gene=thiD],[protein=Phosphomethylpyrimidine kinase]
[locus_tag=PMM0359],[protein_id=CAE18818.1],[gene=None],[protein=hypothetical]
[locus_tag=PMM1826],[protein_id=CAP16330.1],[gene=None],[protein=Conserved hypothetical protein]
[locus_tag=PMM0361],[protein_id=CAE18820.1],[gene=None],[protein=possible Phosphoenolpyruvate carboxykinase]
[locus_tag=PMM0362],[protein_id=CAE18821.1],[gene=None],[protein=hypothetical]
[locus_tag=PMM0363],[protein_id=CAE18822.1],[gene=None],[protein=possible MarR family]
[locus_tag=PMM1827],[protein_id=CAP16331.1],[gene=None],[protein=Hypothetical protein]
[locus_tag=PMM1828],[protein_id=CAP16332.1],[gene=None],[protein=Hypothetical protein]
[locus_tag=PMM0364],[protein_id=CAE18823.1],[gene=None],[protein=possible Malic enzyme]
[locus_tag=PMM0365],[protein_id=CAE18824.1],[gene=None],[protein=possible DsrE-like protein]
[locus_tag=PMM0366],[protein_id=CAE18825.1],[gene=None],[protein=Type-1 copper (blue) domain]
[locus_tag=PMM1829],[protein_id=CAP16333.1],[gene=None],[protein=Conserved hypothetical protein]
[locus_tag=PMM2033],[protein_id=CAX37112.1],[gene=None],[protein=Hypothetical protein]
[locus_tag=PMM2034],[protein_id=CAX37113.1],[gene=None],[protein=Hypothetical protein]
[locus_tag=PMM2035],[protein_id=CAX37114.1],[gene=None],[protein=Hypothetical protein]
[locus_tag=PMM2036],[protein_id=CAX37115.1],[gene=None],[protein=Hypothetical protein]
[locus_tag=PMM1830],[protein_id=CAP16334.1],[gene=None],[protein=Hypothetical protein]
[locus_tag=PMM1831],[protein_id=CAP16335.1],[gene=None],[protein=Conserved hypothetical protein]
[locus_tag=PMM1832],[protein_id=CAP16336.1],[gene=None],[protein=Conserved hypothetical protein]
[locus_tag=PMM1833],[protein_id=CAP16337.1],[gene=None],[protein=Hypothetical protein]
[locus_tag=PMM1834],[protein_id=CAP16338.1],[gene=None],[protein=Hypothetical protein]
[locus_tag=PMM0369],[protein_id=CAE18828.1],[gene=None],[protein=possible Ribosomal protein S14p/S29e]
[locus_tag=PMM0370],[protein_id=CAE18829.1],[gene=None],"[protein=putative cyanate ABC transporter, substrate binding protein]"
[locus_tag=PMM0371],[protein_id=CAE18830.1],[gene=None],[protein=putative cyanate ABC transporter]
[locus_tag=PMM0375],[protein_id=CAE18834.1],[gene=None],[protein=possible Type II intron maturase]
[locus_tag=PMM0376],[protein_id=CAE18835.1],[gene=None],[protein=hypothetical]
[locus_tag=PMM0377],[protein_id=CAE18836.1],[gene=None],[protein=hypothetical]
[locus_tag=PMM1835],[protein_id=CAP16339.1],[gene=None],[protein=Hypothetical protein]
[locus_tag=PMM1836],[protein_id=CAP16340.1],[gene=None],[protein=Hypothetical protein]
[locus_tag=PMM1837],[protein_id=CAP16341.1],[gene=None],[protein=Hypothetical protein]
[locus_tag=PMM1838],[protein_id=CAP16342.1],[gene=None],[protein=Hypothetical protein]
[locus_tag=PMM0379],[protein_id=CAE18838.1],[gene=None],[protein=hypothetical]
[locus_tag=PMM0380],[protein_id=CAE18839.1],[gene=None],[protein=conserved hypothetical protein]
[locus_tag=PMM1839],[protein_id=CAP16343.1],[gene=None],[protein=Hypothetical protein]
[locus_tag=PMM0381],[protein_id=CAE18840.1],[gene=None],[protein=hypothetical]
[locus_tag=PMM0382],[protein_id=CAE18841.1],[gene=None],[protein=possible Ribosomal RNA adenine dimethylase]
[locus_tag=PMM1840],[protein_id=CAP16344.1],[gene=None],[protein=Conserved hypothetical protein]
[locus_tag=PMM0384],[protein_id=CAE18843.1],[gene=spnII-interrupted-C],"[protein=possible uncharacterized restriction enzyme, interrupted-C]"
[locus_tag=PMM1841],[protein_id=CAP16345.1],[gene=None],[protein=Type III restriction system endonuclease]
[locus_tag=PMM0386],[protein_id=CAE18845.1],[gene=None],[protein=possible uncharacterized DNA methylase]
[locus_tag=PMM1842],[protein_id=CAP16346.1],[gene=None],[protein=Hypothetical protein]
[locus_tag=PMM1843],[protein_id=CAP16347.1],[gene=None],[protein=Hypothetical protein]
[locus_tag=PMM0404],[protein_id=CAE18863.1],[gene=None],[protein=hypothetical]
[locus_tag=PMM1844],[protein_id=CAP16348.1],[gene=None],[protein=Conserved hypothetical protein]
[locus_tag=PMM1845],[protein_id=CAP16349.1],[gene=None],[protein=Conserved hypothetical protein]
[locus_tag=PMM1846],[protein_id=CAP16350.1],[gene=None],[protein=Conserved hypothetical protein]
[locus_tag=PMM0417],[protein_id=CAE18876.1],[gene=None],[protein=hypothetical]
[locus_tag=PMM1847],[protein_id=CAP16351.1],[gene=None],[protein=Conserved hypothetical protein]
[locus_tag=PMM1848],[protein_id=CAP16352.1],[gene=None],[protein=Hypothetical protein]
[locus_tag=PMM1849],[protein_id=CAP16353.1],[gene=None],[protein=Conserved hypothetical protein]
[locus_tag=PMM0437],[protein_id=CAE18896.1],[gene=None],[protein=hypothetical]
[locus_tag=PMM0451],[protein_id=CAE18910.1],[gene=None],[protein=possible Arenavirus glycoprotein]
[locus_tag=PMM1850],[protein_id=CAP16354.1],[gene=None],[protein=Conserved hypothetical protein]
[locus_tag=PMM0465],[protein_id=CAE18924.1],[gene=None],[protein=hypothetical]
[locus_tag=PMM0485],[protein_id=CAE18944.1],[gene=None],[protein=conserved hypothetical protein]
[locus_tag=PMM0510],[protein_id=CAE18969.1],[gene=None],[protein=possible Reverse transcriptase (RNA-dependent]
[locus_tag=PMM0517],[protein_id=CAE18976.1],[gene=None],[protein=hypothetical protein]
[locus_tag=PMM0540],[protein_id=CAE18999.1],[gene=psaM],[protein=possible photosystem I reaction centre subunit XII (PsaM)]
[locus_tag=PMM0624],[protein_id=CAE19083.1],[gene=None],[protein=possible Hantavirus glycoprotein G2]
[locus_tag=PMM0625],[protein_id=CAE19084.1],[gene=None],[protein=hypothetical]
[locus_tag=PMM0626],[protein_id=CAE19085.1],[gene=None],[protein=hypothetical]
[locus_tag=PMM1852],[protein_id=CAP16356.1],[gene=None],[protein=Conserved hypothetical protein]
[locus_tag=PMM0628],[protein_id=CAE19087.1],[gene=None],"[protein=possible sodium:solute symporter, ESS family]"
[locus_tag=PMM0629],[protein_id=CAE19088.1],[gene=None],[protein=conserved hypothetical protein]
[locus_tag=PMM0631],[protein_id=CAE19090.1],[gene=None],[protein=possible NADH-Ubiquinone/plastoquinone (comple]
[locus_tag=PMM0636],[protein_id=CAE19095.1],[gene=None],[protein=Isochorismatase hydrolase family]
[locus_tag=PMM0650],[protein_id=CAE19109.1],[gene=None],[protein=possible LEM domain]
[locus_tag=PMM0651],[protein_id=CAE19110.1],[gene=None],[protein=possible VHS domain]
[locus_tag=PMM0652],[protein_id=CAE19111.1],[gene=None],"[protein=possible 5'-3' exonuclease, C-terminal SAM fol]"
[locus_tag=PMM1853],[protein_id=CAP16357.1],[gene=None],[protein=Hypothetical protein]
[locus_tag=PMM0655],[protein_id=CAE19114.1],[gene=None],[protein=hypothetical]
[locus_tag=PMM0656],[protein_id=CAE19115.1],[gene=None],[protein=possible 7TM chemoreceptor]
[locus_tag=PMM1854],[protein_id=CAP16358.1],[gene=None],[protein=Conserved hypothetical protein]
[locus_tag=PMM2043],[protein_id=None],[gene=None],[protein=Hypothetical protein]
[locus_tag=PMM1855],[protein_id=CAP16359.1],[gene=None],[protein=Conserved hypothetical protein]
[locus_tag=PMM0657],[protein_id=CAE19116.1],[gene=None],[protein=possible Vanadium/alternative nitrogenase delt]
[locus_tag=PMM0659],[protein_id=CAE19118.1],[gene=None],[protein=NAD-dependent DNA ligase N-terminus]
[locus_tag=PMM1856],[protein_id=CAP16360.1],[gene=None],[protein=Hypothetical protein]
[locus_tag=PMM1857],[protein_id=CAP16361.1],[gene=None],[protein=Conserved hypothetical protein]
[locus_tag=PMM1858],[protein_id=None],[gene=None],[protein=None]
[locus_tag=PMM1859],[protein_id=CAP16363.1],[gene=None],[protein=Conserved hypothetical protein]
[locus_tag=PMM0660],[protein_id=CAE19119.1],[gene=None],"[protein=possible RNA recognition motif. (a.k.a. RRM, R]"
[locus_tag=PMM0684],[protein_id=CAE19143.1],[gene=None],"[protein=possible Zinc finger, C2H2 type]"
[locus_tag=PMM1860],[protein_id=CAP16364.1],[gene=None],[protein=Conserved hypothetical protein]
[locus_tag=PMM0685],[protein_id=CAE19144.1],[gene=None],[protein=hypothetical protein]
[locus_tag=PMM1861],[protein_id=CAP16365.1],[gene=None],[protein=Hypothetical protein]
[locus_tag=PMM2046],[protein_id=CAX37116.1],[gene=None],[protein=Hypothetical protein]
[locus_tag=PMM1862],[protein_id=CAP16366.1],[gene=None],[protein=Hypothetical protein]
[locus_tag=PMM1863],[protein_id=CAP16367.1],[gene=None],[protein=Conserved hypothetical protein]
[locus_tag=PMM1864],[protein_id=CAP16368.1],[gene=None],[protein=Conserved hypothetical protein]
[locus_tag=PMM1865],[protein_id=CAP16369.1],[gene=None],[protein=Conserved hypothetical protein]
[locus_tag=PMM0688],[protein_id=CAE19147.1],[gene=None],[protein=possible Elongation factor Tu domain 2]
[locus_tag=PMM1866],[protein_id=CAP16370.1],[gene=None],[protein=Hypothetical protein]
[locus_tag=PMM1867],[protein_id=CAP16371.1],[gene=None],[protein=Hypothetical protein]
[locus_tag=PMM2051],[protein_id=CAX37117.1],[gene=None],[protein=Hypothetical protein]
[locus_tag=PMM1868],[protein_id=CAP16372.1],[gene=None],[protein=Hypothetical protein]
[locus_tag=PMM0689],[protein_id=CAE19148.1],[gene=hli22],[protein=possible high light inducible protein]
[locus_tag=PMM0690],[protein_id=CAE19149.1],[gene=hli21],[protein=possible high light inducible protein]
[locus_tag=PMM1869],[protein_id=CAP16373.1],[gene=None],[protein=Conserved hypothetical protein]
[locus_tag=PMM1870],[protein_id=CAP16374.1],[gene=None],[protein=Conserved hypothetical protein]
[locus_tag=PMM0692],[protein_id=CAE19151.1],[gene=None],[protein=possible DDT domain]
[locus_tag=PMM1871],[protein_id=CAP16375.1],[gene=None],[protein=Conserved hypothetical protein]
[locus_tag=PMM1872],[protein_id=CAP16376.1],[gene=None],[protein=Conserved hypothetical protein]
[locus_tag=PMM0693],[protein_id=CAE19152.1],[gene=None],[protein=possible Hepatitis C virus envelope glycoprote]
[locus_tag=PMM2052],[protein_id=CAX37118.1],[gene=None],[protein=Hypothetical protein]
[locus_tag=PMM0696],[protein_id=CAE19155.1],[gene=None],[protein=hypothetical]
[locus_tag=PMM0697],[protein_id=CAE19156.1],[gene=None],[protein=possible D12 class N6 adenine-specific DNA met]
[locus_tag=PMM1873],[protein_id=CAP16377.1],[gene=None],[protein=protein family PM-16]
[locus_tag=PMM0698],[protein_id=CAE19157.1],[gene=None],[protein=possible DnaJ central domain (4 repeats)]
[locus_tag=PMM1874],[protein_id=CAP16378.1],[gene=None],[protein=Conserved hypothetical protein]
[locus_tag=PMM0699],[protein_id=CAE19158.1],[gene=None],[protein=conserved hypothetical]
[locus_tag=PMM1875],[protein_id=CAP16379.1],[gene=None],[protein=Conserved hypothetical protein]
[locus_tag=PMM0701],[protein_id=CAE19160.1],[gene=None],[protein=possible LysM domain]
[locus_tag=PMM0702],[protein_id=CAE19161.1],[gene=None],[protein=possible DUP family]
[locus_tag=PMM1876],[protein_id=CAP16380.1],[gene=None],[protein=Conserved hypothetical protein]
[locus_tag=PMM1877],[protein_id=CAP16381.1],[gene=None],[protein=Conserved hypothetical protein]
[locus_tag=PMM0707],[protein_id=CAE19166.1],[gene=None],[protein=possible Lipoprotein]
[locus_tag=PMM0708],[protein_id=CAE19167.1],[gene=None],[protein=putative secreted protein]
[locus_tag=PMM0714],[protein_id=CAE19173.1],[gene=None],"[protein=Bacterial regulatory proteins, ArsR family]"
[locus_tag=PMM1878],[protein_id=CAP16382.1],[gene=None],[protein=Hypothetical protein]
[locus_tag=PMM0715],[protein_id=CAE19174.1],[gene=None],[protein=possible chorismate binding enzyme]
[locus_tag=PMM0716],[protein_id=CAE19175.1],[gene=None],"[protein=putative arsenite transporter, ACR3 family]"
[locus_tag=PMM0717],[protein_id=CAE19176.1],[gene=None],[protein=conserved hypothetical protein]
[locus_tag=PMM0718],[protein_id=CAE19177.1],[gene=None],"[protein=possible Bacterial regulatory proteins, crp fa]"
[locus_tag=PMM1879],[protein_id=None],[gene=None],[protein=None]
[locus_tag=PMM1880],[protein_id=CAP16384.1],[gene=None],[protein=Hypothetical protein]
[locus_tag=PMM0720],[protein_id=CAE19179.1],[gene=None],[protein=possible Poly A polymerase regulatory subunit]
[locus_tag=PMM0721],[protein_id=CAE19180.1],[gene=None],[protein=possible Myosin N-terminal SH3-like domain]
[locus_tag=PMM0722],[protein_id=CAE19181.1],[gene=None],[protein=hypothetical]
[locus_tag=PMM1881],[protein_id=CAP16385.1],[gene=None],[protein=Conserved hypothetical protein]
[locus_tag=PMM0726],[protein_id=CAE19185.1],[gene=None],[protein=hypothetical]
[locus_tag=PMM0731],[protein_id=CAE19190.1],[gene=None],[protein=possible COMC family]
[locus_tag=PMM0732],[protein_id=CAE19191.1],[gene=None],[protein=possible Major surface glycoprotein]
[locus_tag=PMM0733],[protein_id=CAE19192.1],[gene=None],[protein=conserved hypothetical protein]
[locus_tag=PMM0734],[protein_id=CAE19193.1],[gene=None],"[protein=possible Helix-turn-helix protein, copG family]"
[locus_tag=PMM1882],[protein_id=CAP16386.1],[gene=None],[protein=Hypothetical protein]
[locus_tag=PMM1885],[protein_id=CAP16389.1],[gene=None],[protein=Conserved hypothetical protein]
[locus_tag=PMM1886],[protein_id=CAP16390.1],[gene=None],[protein=Conserved hypothetical protein]
[locus_tag=PMM0736],[protein_id=CAE19195.1],[gene=None],[protein=possible Alpha-2-macroglobulin family N-termin]
[locus_tag=PMM1887],[protein_id=CAP16391.1],[gene=None],[protein=protein family PM-1]
[locus_tag=PMM0737],[protein_id=CAE19196.1],[gene=None],[protein=hypothetical membrane protein]
[locus_tag=PMM1888],[protein_id=CAP16392.1],[gene=None],[protein=Conserved hypothetical protein]
[locus_tag=PMM1889],[protein_id=CAP16393.1],[gene=None],[protein=Hypothetical protein]
[locus_tag=PMM0751],[protein_id=CAE19210.1],[gene=None],[protein=conserved hypothetical protein]
[locus_tag=PMM0755],[protein_id=CAE19214.1],[gene=None],[protein=possible Adenylate cyclase]
[locus_tag=PMM1890],[protein_id=CAP16394.1],[gene=None],[protein=Conserved hypothetical protein]
[locus_tag=PMM2054],[protein_id=CAX37119.1],[gene=None],[protein=Hypothetical protein]
[locus_tag=PMM0805],[protein_id=CAE19264.1],[gene=None],[protein=hypothetical]
[locus_tag=PMM0809],[protein_id=CAE19268.1],[gene=None],[protein=possible S1 RNA binding domain]
[locus_tag=PMM1891],[protein_id=CAP16395.1],[gene=None],[protein=Conserved hypothetical protein]
[locus_tag=PMM0810],[protein_id=CAE19269.1],[gene=None],[protein=hypothetical]
[locus_tag=PMM1892],[protein_id=CAP16396.1],[gene=None],[protein=Conserved hypothetical protein]
[locus_tag=PMM1893],[protein_id=CAP16397.1],[gene=None],[protein=Conserved hypothetical protein]
[locus_tag=PMM0811],[protein_id=CAE19270.1],[gene=None],[protein=possible (AF143461) BdrC3 [Borrelia hermsii]
[locus_tag=PMM0812],[protein_id=CAE19271.1],[gene=None],[protein=hypothetical]
[locus_tag=PMM0813],[protein_id=CAE19272.1],[gene=None],[protein=hypothetical]
[locus_tag=PMM0814],[protein_id=CAE19273.1],[gene=None],[protein=possible Cytochrome oxidase c subunit VIb]
[locus_tag=PMM1894],[protein_id=CAP16398.1],[gene=None],[protein=Conserved hypothetical protein]
[locus_tag=PMM1895],[protein_id=CAP16399.1],[gene=None],[protein=Hypothetical protein]
[locus_tag=PMM0815],[protein_id=CAE19274.1],[gene=hli19],[protein=possible high light inducible protein]
[locus_tag=PMM0816],[protein_id=CAE19275.1],[gene=hli18],[protein=possible high light inducible protein]
[locus_tag=PMM0818],[protein_id=CAE19277.1],[gene=hli16],[protein=possible high light inducible protein]
[locus_tag=PMM1897],[protein_id=CAP16401.1],[gene=None],[protein=Conserved hypothetical protein]
[locus_tag=PMM1898],[protein_id=CAP16402.1],[gene=None],[protein=Conserved hypothetical protein]
[locus_tag=PMM0819],[protein_id=CAE19278.1],[gene=None],[protein=hypothetical]
[locus_tag=PMM0820],[protein_id=CAE19279.1],[gene=None],[protein=possible EPSP synthase (3-phosphoshikimate 1-c]
[locus_tag=PMM0835],[protein_id=CAE19294.1],[gene=None],[protein=conserved hypothetical protein]
[locus_tag=PMM0838],[protein_id=CAE19297.1],[gene=None],[protein=possible Nucleoside diphosphate kinase]
[locus_tag=PMM1899],[protein_id=CAP16403.1],[gene=None],[protein=Conserved hypothetical protein]
[locus_tag=PMM0846],[protein_id=CAE19305.1],[gene=None],"[protein=possible Uncharacterized secreted proteins, Ya]"
[locus_tag=PMM1900],[protein_id=CAP16404.1],[gene=None],[protein=Conserved hypothetical protein]
[locus_tag=PMM0852],[protein_id=CAE19311.1],[gene=None],[protein=conserved hypothetical protein]
[locus_tag=PMM0855],[protein_id=CAE19314.1],[gene=None],[protein=conserved hypothetical]
[locus_tag=PMM1901],[protein_id=CAP16405.1],[gene=None],[protein=Conserved hypothetical protein]
[locus_tag=PMM1902],[protein_id=CAP16406.1],[gene=None],[protein=Conserved hypothetical protein]
[locus_tag=PMM0857],[protein_id=CAE19316.1],[gene=None],[protein=possible Influenza RNA-dependent RNA polymeras]
[locus_tag=PMM1903],[protein_id=CAP16407.1],[gene=None],[protein=Conserved hypothetical protein]
[locus_tag=PMM1904],[protein_id=CAP16408.1],[gene=None],[protein=Conserved hypothetical protein]
[locus_tag=PMM1905],[protein_id=CAP16409.1],[gene=None],[protein=Conserved hypothetical protein]
[locus_tag=PMM1906],[protein_id=CAP16410.1],[gene=None],[protein=Conserved hypothetical protein]
[locus_tag=PMM1907],[protein_id=CAP16411.1],[gene=None],[protein=Conserved hypothetical protein]
[locus_tag=PMM0858],[protein_id=CAE19317.1],[gene=None],[protein=hypothetical]
[locus_tag=PMM1908],[protein_id=CAP16412.1],[gene=None],[protein=Conserved hypothetical protein]
[locus_tag=PMM1909],[protein_id=CAP16413.1],[gene=None],[protein=Conserved hypothetical protein]
[locus_tag=PMM0859],[protein_id=CAE19318.1],[gene=None],[protein=hypothetical]
[locus_tag=PMM1910],[protein_id=CAP16414.1],[gene=None],[protein=Conserved hypothetical protein]
[locus_tag=PMM1911],[protein_id=CAP16415.1],[gene=None],[protein=Hypothetical protein]
[locus_tag=PMM1912],[protein_id=CAP16416.1],[gene=None],[protein=Hypothetical protein]
[locus_tag=PMM1913],[protein_id=CAP16417.1],[gene=None],[protein=Hypothetical protein]
[locus_tag=PMM0860],[protein_id=CAE19319.1],[gene=None],[protein=possible Hantavirus glycoprotein G1]
[locus_tag=PMM0861],[protein_id=CAE19320.1],[gene=None],[protein=possible Virion host shutoff protein]
[locus_tag=PMM1914],[protein_id=CAP16418.1],[gene=None],[protein=Hypothetical protein]
[locus_tag=PMM0864],[protein_id=CAE19323.1],[gene=None],[protein=possible Fusion glycoprotein F0.]
[locus_tag=PMM0866],[protein_id=CAE19325.1],[gene=None],[protein=possible SMC domain N terminal domain]
[locus_tag=PMM1916],[protein_id=None],[gene=None],[protein=None]
[locus_tag=PMM0934],[protein_id=CAE19393.1],[gene=None],[protein=conserved hypothetical protein]
[locus_tag=PMM0938],[protein_id=CAE19397.1],[gene=None],[protein=possible Serine hydroxymethyltransferase]
[locus_tag=PMM0957],[protein_id=CAE19416.1],[gene=None],[protein=possible GRAM domain]
[locus_tag=PMM1917],[protein_id=CAP16422.1],[gene=None],[protein=Conserved hypothetical protein]
[locus_tag=PMM1918],[protein_id=CAP16423.1],[gene=None],[protein=Conserved hypothetical protein]
[locus_tag=PMM1920],[protein_id=CAP16425.1],[gene=None],[protein=Conserved hypothetical protein]
[locus_tag=PMM1921],[protein_id=CAP16426.1],[gene=None],[protein=Conserved hypothetical protein]
[locus_tag=PMM1922],[protein_id=CAP16427.1],[gene=None],[protein=Conserved hypothetical protein]
[locus_tag=PMM0979],[protein_id=CAE19438.1],[gene=None],[protein=hypothetical]
[locus_tag=PMM0980],[protein_id=CAE19439.1],[gene=None],[protein=hypothetical]
[locus_tag=PMM0981],[protein_id=CAE19440.1],[gene=None],[protein=conserved hypothetical protein]
[locus_tag=PMM1923],[protein_id=CAP16428.1],[gene=None],[protein=Conserved hypothetical protein]
[locus_tag=PMM0983],[protein_id=CAE19442.1],[gene=None],[protein=possible ATP synthase protein 8]
[locus_tag=PMM1924],[protein_id=CAP16429.1],[gene=None],[protein=Conserved hypothetical protein]
[locus_tag=PMM1925],[protein_id=CAP16430.1],[gene=None],[protein=Conserved hypothetical protein]
[locus_tag=PMM0984],[protein_id=CAE19443.1],[gene=None],[protein=possible Josephin]
[locus_tag=PMM1926],[protein_id=CAP16431.1],[gene=None],[protein=Conserved hypothetical protein]
[locus_tag=PMM0988],[protein_id=CAE19447.1],[gene=None],[protein=Helix-hairpin-helix DNA-binding motif class 1]
[locus_tag=PMM0989],[protein_id=CAE19448.1],[gene=None],[protein=ATP/GTP-binding site motif A (P-loop)]
[locus_tag=PMM0991],[protein_id=CAE19450.1],[gene=None],[protein=possible Paired amphipathic helix repeat]
[locus_tag=PMM1927],[protein_id=CAP16432.1],[gene=None],[protein=Hypothetical protein]
[locus_tag=PMM0993],[protein_id=CAE19452.1],[gene=None],[protein=conserved hypothetical protein]
[locus_tag=PMM0995],[protein_id=CAE19454.1],[gene=None],[protein=hypothetical]
[locus_tag=PMM1928],[protein_id=CAP16433.1],[gene=None],[protein=Conserved hypothetical protein]
[locus_tag=PMM0996],[protein_id=CAE19455.1],[gene=None],[protein=conserved hypothetical protein]
[locus_tag=PMM1929],[protein_id=CAP16434.1],[gene=None],[protein=Conserved hypothetical protein]
[locus_tag=PMM1930],[protein_id=CAP16435.1],[gene=None],[protein=Conserved hypothetical protein]
[locus_tag=PMM0997],[protein_id=CAE19456.1],[gene=None],[protein=possible Protein of unknown function DUF67]
[locus_tag=PMM1931],[protein_id=CAP16436.1],[gene=None],[protein=Conserved hypothetical protein]
[locus_tag=PMM0999],[protein_id=CAE19458.1],[gene=None],[protein=hypothetical]
[locus_tag=PMM1932],[protein_id=CAP16437.1],[gene=None],[protein=Conserved hypothetical protein]
[locus_tag=PMM1933],[protein_id=CAP16438.1],[gene=None],[protein=Hypothetical protein]
[locus_tag=PMM1003],[protein_id=CAE19462.1],[gene=None],[protein=possible Photosystem II reaction centre N prot]
[locus_tag=PMM1934],[protein_id=CAP16439.1],[gene=None],[protein=Conserved hypothetical protein]
[locus_tag=PMM1005],[protein_id=CAE19464.1],[gene=None],[protein=possible Legume lectins alpha domain]
[locus_tag=PMM1007],[protein_id=CAE19466.1],[gene=None],[protein=None]
[locus_tag=PMM1008],[protein_id=CAE19467.1],[gene=None],[protein=hypothetical]
[locus_tag=PMM1935],[protein_id=CAP16440.1],[gene=None],[protein=Conserved hypothetical protein]
[locus_tag=PMM1011],[protein_id=CAE19470.1],[gene=None],[protein=hypothetical]
[locus_tag=PMM1936],[protein_id=CAP16441.1],[gene=None],[protein=Conserved hypothetical protein]
[locus_tag=PMM1937],[protein_id=CAP16442.1],[gene=None],[protein=Conserved hypothetical protein]
[locus_tag=PMM1014],[protein_id=CAE19473.1],[gene=None],[protein=conserved hypothetical protein]
[locus_tag=PMM1938],[protein_id=CAP16443.1],[gene=None],[protein=Conserved hypothetical protein]
[locus_tag=PMM1016],[protein_id=CAE19475.1],[gene=None],[protein=possible Virion host shutoff protein]
[locus_tag=PMM1018],[protein_id=CAE19477.1],[gene=None],[protein=hypothetical]
[locus_tag=PMM1939],[protein_id=CAP16444.1],[gene=None],[protein=Conserved hypothetical protein]
[locus_tag=PMM1940],[protein_id=CAP16445.1],[gene=None],[protein=Conserved hypothetical protein]
[locus_tag=PMM1019],[protein_id=CAE19478.1],[gene=None],[protein=possible Integrin alpha cytoplasmic region]
[locus_tag=PMM1941],[protein_id=CAP16446.1],[gene=None],[protein=Conserved hypothetical protein]
[locus_tag=PMM1020],[protein_id=CAE19479.1],[gene=None],[protein=conserved hypothetical protein]
[locus_tag=PMM1021],[protein_id=CAE19480.1],[gene=None],[protein=possible Gram-negative pili assembly chaperone]
[locus_tag=PMM1022],[protein_id=CAE19481.1],[gene=None],[protein=conserved hypothetical]
[locus_tag=PMM1942],[protein_id=None],[gene=None],[protein=None]
[locus_tag=PMM1943],[protein_id=CAP16448.1],[gene=None],[protein=Conserved hypothetical protein]
[locus_tag=PMM1944],[protein_id=CAP16449.1],[gene=None],[protein=Conserved hypothetical protein]
[locus_tag=PMM1023],[protein_id=CAE19482.1],[gene=None],"[protein=possible lactate/malate dehydrogenase, alpha/b]"
[locus_tag=PMM1024],[protein_id=CAE19483.1],[gene=None],[protein=hypothetical]
[locus_tag=PMM1945],[protein_id=CAP16450.1],[gene=None],[protein=Conserved hypothetical protein]
[locus_tag=PMM1946],[protein_id=CAP16451.1],[gene=None],[protein=Conserved hypothetical protein]
[locus_tag=PMM1947],[protein_id=None],[gene=None],[protein=None]
[locus_tag=PMM1027],[protein_id=CAE19486.1],[gene=None],[protein=possible Inward rectifier potassium channel]
[locus_tag=PMM1948],[protein_id=CAP16453.1],[gene=None],[protein=Conserved hypothetical protein]
[locus_tag=PMM1949],[protein_id=CAP16454.1],[gene=None],[protein=Conserved hypothetical protein]
[locus_tag=PMM1950],[protein_id=CAP16455.1],[gene=None],[protein=Conserved hypothetical protein]
[locus_tag=PMM1951],[protein_id=CAP16456.1],[gene=None],[protein=Conserved hypothetical protein]
[locus_tag=PMM2057],[protein_id=CAX37121.1],[gene=None],[protein=Hypothetical protein]
[locus_tag=PMM1952],[protein_id=CAP16457.1],[gene=None],[protein=Conserved hypothetical protein]
[locus_tag=PMM1035],[protein_id=CAE19494.1],[gene=None],"[protein=possible DNA gyrase/topoisomerase IV, subunit]"
[locus_tag=PMM1036],[protein_id=CAE19495.1],[gene=None],[protein=hypothetical]
[locus_tag=PMM1043],[protein_id=CAE19502.1],[gene=None],[protein=possible Borrelia lipoprotein]
[locus_tag=PMM1953],[protein_id=CAP16458.1],[gene=None],[protein=Conserved hypothetical protein]
[locus_tag=PMM1058],[protein_id=CAE19517.1],[gene=petG],"[protein=Cytochrome b6/f complex, subunit V]"
[locus_tag=PMM1100],[protein_id=CAE19559.1],[gene=None],[protein=hypothetical]
[locus_tag=PMM1112],[protein_id=CAE19571.1],[gene=None],[protein=conserved hypothetical protein]
[locus_tag=PMM1117],[protein_id=CAE19576.1],[gene=psbY],[protein=possible Photosystem II reaction center Y protein (PsbY)]
[locus_tag=PMM1118],[protein_id=CAE19577.1],[gene=hli4],[protein=possible high light inducible protein]
[locus_tag=PMM1119],[protein_id=CAE19578.1],[gene=som],[protein=possible porin]
[locus_tag=PMM1120],[protein_id=CAE19579.1],[gene=None],[protein=Sulfotransferase:TPR repeat]
[locus_tag=PMM1954],[protein_id=CAP16459.1],[gene=None],[protein=Conserved hypothetical protein]
[locus_tag=PMM1955],[protein_id=CAP16460.1],[gene=None],[protein=Conserved hypothetical protein]
[locus_tag=PMM1124],[protein_id=CAE19583.1],[gene=None],[protein=possible Natural resistance-associated macroph]
[locus_tag=PMM1125],[protein_id=CAE19584.1],[gene=None],"[protein=possible Bacterial regulatory proteins, deoR f]"
[locus_tag=PMM2059],[protein_id=CAX37122.1],[gene=None],[protein=Hypothetical protein]
[locus_tag=PMM1127],[protein_id=CAE19586.1],[gene=None],[protein=possible NAD(P) transhydrogenase beta subunit]
[locus_tag=PMM1128],[protein_id=CAE19587.1],[gene=hli15],[protein=possible high light inducible protein]
[locus_tag=PMM1956],[protein_id=CAP16461.1],[gene=None],[protein=Hypothetical protein]
[locus_tag=PMM1129],[protein_id=CAE19588.1],[gene=None],[protein=possible Notch (DSL) domain]
[locus_tag=PMM1130],[protein_id=CAE19589.1],[gene=None],[protein=hypothetical]
[locus_tag=PMM1957],[protein_id=CAP16462.1],[gene=None],[protein=Conserved hypothetical protein]
[locus_tag=PMM1958],[protein_id=CAP16463.1],[gene=None],[protein=Conserved hypothetical protein]
[locus_tag=PMM1959],[protein_id=CAP16464.1],[gene=None],[protein=Conserved hypothetical protein]
[locus_tag=PMM2061],[protein_id=CAX37123.1],[gene=None],[protein=Hypothetical protein]
[locus_tag=PMM1960],[protein_id=CAP16465.1],[gene=None],[protein=Conserved hypothetical protein]
[locus_tag=PMM1961],[protein_id=CAP16466.1],[gene=None],[protein=Conserved hypothetical protein]
[locus_tag=PMM1134],[protein_id=CAE19593.1],[gene=None],[protein=possible Phosphatidylinositol-specific phospho]
[locus_tag=PMM1962],[protein_id=CAP16467.1],[gene=None],[protein=Conserved hypothetical protein]
[locus_tag=PMM1136],[protein_id=CAE19595.1],[gene=None],[protein=possible Uncharacterized protein family UPF005]
[locus_tag=PMM1963],[protein_id=CAP16468.1],[gene=None],[protein=Hypothetical protein]
[locus_tag=PMM1137],[protein_id=CAE19596.1],[gene=None],[protein=possible Cytochrome b(C-terminal)/b6/petD]
[locus_tag=PMM1964],[protein_id=CAP16469.1],[gene=None],[protein=Conserved hypothetical protein]
[locus_tag=PMM1965],[protein_id=CAP16470.1],[gene=None],[protein=Conserved hypothetical protein]
[locus_tag=PMM1162],[protein_id=CAE19621.1],[gene=None],[protein=conserved hypothetical protein]
[locus_tag=PMM1967],[protein_id=CAP16472.1],[gene=None],[protein=Hypothetical protein]
[locus_tag=PMM1163],[protein_id=CAE19622.1],[gene=None],[protein=possible Trehalase]
[locus_tag=PMM1968],[protein_id=CAP16473.1],[gene=None],[protein=Conserved hypothetical protein]
[locus_tag=PMM1969],[protein_id=CAP16474.1],[gene=None],[protein=Conserved hypothetical protein]
[locus_tag=PMM1970],[protein_id=CAP16475.1],[gene=None],[protein=Hypothetical protein]
[locus_tag=PMM1167],[protein_id=CAE19626.1],[gene=None],[protein=Macrophage migration inhibitory factor family]
[locus_tag=PMM1971],[protein_id=CAP16476.1],[gene=None],[protein=Conserved hypothetical protein]
[locus_tag=PMM1169],[protein_id=CAE19628.1],[gene=None],[protein=hypothetical]
[locus_tag=PMM1173],[protein_id=CAE19632.1],[gene=None],[protein=conserved hypothetical protein]
[locus_tag=PMM1176],[protein_id=CAE19635.1],[gene=None],"[protein=possible Helix-turn-helix protein, copG family]"
[locus_tag=PMM1194],[protein_id=CAE19653.1],[gene=None],[protein=conserved hypothetical protein]
[locus_tag=PMM1198],[protein_id=CAE19657.1],[gene=None],[protein=hypothetical protein]
[locus_tag=PMM1199],[protein_id=CAE19658.1],[gene=None],[protein=conserved hypothetical protein]
[locus_tag=PMM1200],[protein_id=CAE19659.1],[gene=None],"[protein=Glycosyl transferase, family 2]"
[locus_tag=PMM1202],[protein_id=CAE19661.1],[gene=None],[protein=possible nucleoside-diphosphate-sugar epimerase]
[locus_tag=PMM1203],[protein_id=CAE19662.1],[gene=rfbG],"[protein=CDP-glucose 4,6-dehydratase]"
[locus_tag=PMM1206],[protein_id=CAE19665.1],[gene=None],[protein=hypothetical protein]
[locus_tag=PMM1207],[protein_id=CAE19666.1],[gene=None],[protein=Putative fucose synthetase]
[locus_tag=PMM1208],[protein_id=CAE19667.1],[gene=gmd],"[protein=GDPmannose 4,6-dehydratase]"
[locus_tag=PMM1211],[protein_id=CAE19670.1],[gene=None],[protein=possible polysaccharide export or synthesis protein]
[locus_tag=PMM1212],[protein_id=CAE19671.1],[gene=None],[protein=conserved hypothetical protein]
[locus_tag=PMM1213],[protein_id=CAE19672.1],[gene=None],[protein=Glycosyl transferases group 1]
[locus_tag=PMM1214],[protein_id=CAE19673.1],[gene=None],[protein=possible phosphatase]
[locus_tag=PMM1215],[protein_id=CAE19674.1],[gene=None],[protein=conserved hypothetical protein]
[locus_tag=PMM1217],[protein_id=CAE19676.1],[gene=None],[protein=putative phosphoheptose isomerase]
[locus_tag=PMM1218],[protein_id=CAE19677.1],[gene=rfaE],[protein=putative ADP-heptose synthase]
[locus_tag=PMM1219],[protein_id=CAE19678.1],[gene=None],[protein=putative nucleoside-diphosphate sugar epimerase]
[locus_tag=PMM1220],[protein_id=CAE19679.1],[gene=None],[protein=putative glycosyl transferase]
[locus_tag=PMM1221],[protein_id=CAE19680.1],[gene=None],"[protein=Glycosyl transferase, group 1]"
[locus_tag=PMM1222],[protein_id=CAE19681.1],[gene=None],[protein=possible glycosyl transferase]
[locus_tag=PMM1223],[protein_id=CAE19682.1],[gene=None],"[protein=putative glycosyl transferase, group 1]"
[locus_tag=PMM1224],[protein_id=CAE19683.1],[gene=gumB],[protein=putative polysaccharide export protein]
[locus_tag=PMM1225],[protein_id=CAE19684.1],[gene=None],[protein=conserved hypothetical protein]
[locus_tag=PMM1226],[protein_id=CAE19685.1],[gene=None],[protein=conserved hypothetical protein]
[locus_tag=PMM1228],[protein_id=CAE19687.1],[gene=None],[protein=hypothetical protein]
[locus_tag=PMM1231],[protein_id=CAE19690.1],[gene=None],[protein=conserved hypothetical]
[locus_tag=PMM1232],[protein_id=CAE19691.1],[gene=None],[protein=methyltransferase]
[locus_tag=PMM1233],[protein_id=CAE19692.1],[gene=rfbD],[protein=putative dTDP-4-dehydrorhamnose reductase]
[locus_tag=PMM1234],[protein_id=CAE19693.1],[gene=None],[protein=Zinc-containing alcohol dehydrogenase superfamily]
[locus_tag=PMM1237],[protein_id=CAE19696.1],[gene=None],[protein=conserved hypothetical protein]
[locus_tag=PMM1238],[protein_id=CAE19697.1],[gene=None],[protein=conserved hypothetical protein]
[locus_tag=PMM1240],[protein_id=CAE19699.1],[gene=None],[protein=methyltransferase]
[locus_tag=PMM1241],[protein_id=CAE19700.1],[gene=None],[protein=hypothetical protein]
[locus_tag=PMM1242],[protein_id=CAE19701.1],[gene=None],[protein=hypothetical protein]
[locus_tag=PMM1244],[protein_id=CAE19703.1],[gene=None],[protein=hypothetical protein]
[locus_tag=PMM1245],[protein_id=CAE19704.1],[gene=None],[protein=conserved hypothetical protein]
[locus_tag=PMM1246],[protein_id=CAE19705.1],[gene=None],[protein=Carbamoyltransferase]
[locus_tag=PMM1247],[protein_id=CAE19706.1],[gene=None],[protein=hypothetical protein]
[locus_tag=PMM1248],[protein_id=CAE19707.1],[gene=None],[protein=hypothetical protein]
[locus_tag=PMM1249],[protein_id=CAE19708.1],[gene=None],[protein=conserved hypothetical protein]
[locus_tag=PMM1972],[protein_id=CAP16477.1],[gene=None],[protein=Conserved hypothetical protein]
[locus_tag=PMM1250],[protein_id=CAE19709.1],[gene=None],[protein=conserved hypothetical protein]
[locus_tag=PMM1251],[protein_id=CAE19710.1],[gene=None],[protein=Carbamoyltransferase]
[locus_tag=PMM1252],[protein_id=CAE19711.1],[gene=None],[protein=possible acetyltransferase]
[locus_tag=PMM1253],[protein_id=CAE19712.1],[gene=None],[protein=possible methyltransferase]
[locus_tag=PMM1254],[protein_id=CAE19713.1],[gene=None],"[protein=putative glycosyl transferase, family 2]"
[locus_tag=PMM1255],[protein_id=CAE19714.1],[gene=None],[protein=hypothetical protein]
[locus_tag=PMM1256],[protein_id=CAE19715.1],[gene=None],"[protein=putative glycosyl transferase, family 2]"
[locus_tag=PMM1257],[protein_id=CAE19716.1],[gene=None],"[protein=possible dTDP-glucose 4,6-dehydratase]"
[locus_tag=PMM1276],[protein_id=CAE19735.1],[gene=None],[protein=conserved hypothetical protein]
[locus_tag=PMM1277],[protein_id=CAE19736.1],[gene=None],[protein=conserved hypothetical protein]
[locus_tag=PMM1973],[protein_id=CAP16478.1],[gene=None],[protein=Conserved hypothetical protein]
[locus_tag=PMM1317],[protein_id=CAE19776.1],[gene=hli13],[protein=possible high light inducible protein]
[locus_tag=PMM1974],[protein_id=CAP16479.1],[gene=None],[protein=Conserved hypothetical protein]
[locus_tag=PMM1318],[protein_id=CAE19777.1],[gene=None],[protein=conserved hypothetical]
[locus_tag=PMM1319],[protein_id=CAE19778.1],[gene=None],[protein=possible Beta-lactamase]
[locus_tag=PMM1320],[protein_id=CAE19779.1],[gene=None],[protein=hypothetical]
[locus_tag=PMM1975],[protein_id=CAP16480.1],[gene=None],[protein=Conserved hypothetical protein]
[locus_tag=PMM1362],[protein_id=CAE19821.1],[gene=None],[protein=hypothetical]
[locus_tag=PMM1976],[protein_id=CAP16481.1],[gene=None],[protein=Hypothetical protein]
[locus_tag=PMM2063],[protein_id=CAX37124.1],[gene=None],[protein=Hypothetical protein]
[locus_tag=PMM1363],[protein_id=CAE19822.1],[gene=None],[protein=hypothetical]
[locus_tag=PMM1365],[protein_id=CAE19824.1],[gene=None],[protein=possible MATH domain]
[locus_tag=PMM1977],[protein_id=CAP16482.1],[gene=None],[protein=Conserved hypothetical protein]
[locus_tag=PMM1978],[protein_id=CAP16483.1],[gene=None],[protein=Conserved hypothetical protein]
[locus_tag=PMM1979],[protein_id=CAP16484.1],[gene=None],[protein=Conserved hypothetical protein]
[locus_tag=PMM2064],[protein_id=CAX37125.1],[gene=None],[protein=Hypothetical protein]
[locus_tag=PMM1980],[protein_id=CAP16485.1],[gene=None],[protein=Conserved hypothetical protein]
[locus_tag=PMM1981],[protein_id=CAP16486.1],[gene=None],[protein=Conserved hypothetical protein]
[locus_tag=PMM1982],[protein_id=CAP16487.1],[gene=None],[protein=Conserved hypothetical protein]
[locus_tag=PMM1983],[protein_id=CAP16488.1],[gene=None],[protein=Conserved hypothetical protein]
[locus_tag=PMM1984],[protein_id=CAP16489.1],[gene=None],[protein=Hypothetical protein]
[locus_tag=PMM1985],[protein_id=CAP16490.1],[gene=None],[protein=Conserved hypothetical protein]
[locus_tag=PMM1373],[protein_id=CAE19832.1],[gene=None],[protein=conserved hypothetical protein]
[locus_tag=PMM1986],[protein_id=CAP16491.1],[gene=None],[protein=Conserved hypothetical protein]
[locus_tag=PMM1374],[protein_id=CAE19833.1],[gene=None],[protein=possible Type I restriction modification DNA s]
[locus_tag=PMM1375],[protein_id=CAE19834.1],[gene=None],[protein=possible M protein repeat]
[locus_tag=PMM1987],[protein_id=CAP16492.1],[gene=None],[protein=Conserved hypothetical protein]
[locus_tag=PMM1377],[protein_id=CAE19836.1],[gene=None],[protein=similar to dihydroflavonol-4-reductase]
[locus_tag=PMM1988],[protein_id=CAP16493.1],[gene=None],[protein=Conserved hypothetical protein]
[locus_tag=PMM1989],[protein_id=CAP16494.1],[gene=None],[protein=Conserved hypothetical protein]
[locus_tag=PMM1990],[protein_id=CAP16495.1],[gene=None],[protein=Conserved hypothetical protein]
[locus_tag=PMM1991],[protein_id=CAP16496.1],[gene=None],[protein=Conserved hypothetical protein]
[locus_tag=PMM1379],[protein_id=CAE19838.1],[gene=None],[protein=putative dape gene and orf2]
[locus_tag=PMM1992],[protein_id=CAP16497.1],[gene=None],[protein=Conserved hypothetical protein]
[locus_tag=PMM2065],[protein_id=None],[gene=None],[protein=Hypothetical protein]
[locus_tag=PMM1993],[protein_id=CAP16498.1],[gene=None],[protein=Hypothetical protein]
[locus_tag=PMM1382],[protein_id=CAE19841.1],[gene=None],"[protein=fatty acid desaturase, type 2]"
[locus_tag=PMM1994],[protein_id=CAP16499.1],[gene=None],[protein=Conserved hypothetical protein]
[locus_tag=PMM2067],[protein_id=CAX37127.1],[gene=None],[protein=Hypothetical protein]
[locus_tag=PMM1995],[protein_id=CAP16500.1],[gene=None],[protein=Conserved hypothetical protein]
[locus_tag=PMM1384],[protein_id=CAE19843.1],[gene=hli12],[protein=possible high light inducible protein]
[locus_tag=PMM1385],[protein_id=CAE19844.1],[gene=hli11],[protein=possible high light inducible protein]
[locus_tag=PMM1996],[protein_id=CAP16501.1],[gene=None],[protein=Hypothetical protein]
[locus_tag=PMM1997],[protein_id=CAP16502.1],[gene=None],[protein=Conserved hypothetical protein]
[locus_tag=PMM2069],[protein_id=CAX37128.1],[gene=None],[protein=Hypothetical protein]
[locus_tag=PMM1998],[protein_id=CAP16503.1],[gene=None],[protein=Conserved hypothetical protein]
[locus_tag=PMM1999],[protein_id=CAP16504.1],[gene=None],[protein=Conserved hypothetical protein]
[locus_tag=PMM2000],[protein_id=CAP16505.1],[gene=None],[protein=Conserved hypothetical protein]
[locus_tag=PMM2072],[protein_id=CAX37129.1],[gene=None],[protein=Hypothetical protein]
[locus_tag=PMM2001],[protein_id=CAP16506.1],[gene=None],[protein=Conserved hypothetical protein]
[locus_tag=PMM1387],[protein_id=CAE19846.1],[gene=None],[protein=hypothetical]
[locus_tag=PMM2003],[protein_id=CAP16508.1],[gene=None],[protein=Conserved hypothetical protein]
[locus_tag=PMM1390],[protein_id=CAE19849.1],[gene=hli10],[protein=possible high light inducible protein]
[locus_tag=PMM1391],[protein_id=CAE19850.1],[gene=None],"[protein=possible Helix-turn-helix protein, copG family]"
[locus_tag=PMM1392],[protein_id=CAE19851.1],[gene=None],[protein=possible Heat-labile enterotoxin alpha chain]
[locus_tag=PMM1393],[protein_id=CAE19852.1],[gene=None],[protein=possible Carbon storage regulator]
[locus_tag=PMM1395],[protein_id=CAE19854.1],[gene=None],[protein=hypothetical]
[locus_tag=PMM1396],[protein_id=CAE19855.1],[gene=hli9],[protein=possible high light inducible protein]
[locus_tag=PMM1397],[protein_id=CAE19856.1],[gene=hli8],[protein=possible high light inducible protein]
[locus_tag=PMM1399],[protein_id=CAE19858.1],[gene=hli6],[protein=possible high light inducible protein]
[locus_tag=PMM2005],[protein_id=CAP16510.1],[gene=None],[protein=Conserved hypothetical protein]
[locus_tag=PMM2006],[protein_id=CAP16511.1],[gene=None],[protein=Hypothetical protein]
[locus_tag=PMM1402],[protein_id=CAE19861.1],[gene=None],[protein=None]
[locus_tag=PMM2007],[protein_id=CAP16512.1],[gene=None],[protein=Hypothetical protein]
[locus_tag=PMM2008],[protein_id=CAP16513.1],[gene=None],[protein=Hypothetical protein]
[locus_tag=PMM1404],[protein_id=CAE19863.1],[gene=hli5],[protein=possible high light inducible protein]
[locus_tag=PMM1405],[protein_id=CAE19864.1],[gene=None],[protein=hypothetical]
[locus_tag=PMM1406],[protein_id=CAE19865.1],[gene=None],[protein=hypothetical]
[locus_tag=PMM1407],[protein_id=CAE19866.1],[gene=None],[protein=possible SRP19 protein]
[locus_tag=PMM1408],[protein_id=CAE19867.1],[gene=None],[protein=hypothetical]
[locus_tag=PMM1409],[protein_id=CAE19868.1],[gene=None],[protein=possible Rubredoxin]
[locus_tag=PMM1410],[protein_id=CAE19869.1],[gene=None],"[protein=possible PTS system, Lactose/Cellobiose specif]"
[locus_tag=PMM2074],[protein_id=CAX37130.1],[gene=None],[protein=Hypothetical protein]
[locus_tag=PMM2010],[protein_id=CAP16515.1],[gene=None],[protein=Hypothetical protein]
[locus_tag=PMM2011],[protein_id=CAP16516.1],[gene=None],[protein=Hypothetical protein]
[locus_tag=PMM1411],[protein_id=CAE19870.1],[gene=None],[protein=hypothetical]
[locus_tag=PMM2012],[protein_id=CAP16517.1],[gene=None],[protein=Hypothetical protein]
[locus_tag=PMM1413],[protein_id=CAE19872.1],[gene=None],[protein=conserved hypothetical]
[locus_tag=PMM1414],[protein_id=CAE19873.1],[gene=None],[protein=None]
[locus_tag=PMM1415],[protein_id=CAE19874.1],[gene=None],[protein=possible UBX domain]
[locus_tag=PMM2075],[protein_id=CAX37131.1],[gene=None],[protein=Hypothetical protein]
[locus_tag=PMM1416],[protein_id=CAE19875.1],[gene=None],[protein=conserved hypothetical]
[locus_tag=PMM2013],[protein_id=CAP16518.1],[gene=None],[protein=Hypothetical protein]
[locus_tag=PMM1418],[protein_id=CAE19877.1],[gene=None],[protein=possible Voltage gated chloride channel]
[locus_tag=PMM1419],[protein_id=CAE19878.1],[gene=None],[protein=possible ATP synthase B/B' CF(0)]
[locus_tag=PMM2014],[protein_id=CAP16519.1],[gene=None],[protein=Hypothetical protein]
[locus_tag=PMM1420],[protein_id=CAE19879.1],[gene=None],[protein=possible Fumarate reductase subunit D]
[locus_tag=PMM1421],[protein_id=CAE19880.1],[gene=None],[protein=possible Gibberellin regulated protein]
[locus_tag=PMM1424],[protein_id=CAE19883.1],[gene=None],[protein=possible Uncharacterized protein family UPF003]
[locus_tag=PMM2077],[protein_id=CAX37132.1],[gene=None],[protein=Hypothetical protein]
[locus_tag=PMM2015],[protein_id=CAP16520.1],[gene=None],[protein=Hypothetical protein]
[locus_tag=PMM1426],[protein_id=CAE19885.1],[gene=None],[protein=hypothetical]
[locus_tag=PMM1427],[protein_id=CAE19886.1],[gene=None],[protein=conserved hypothetical]
[locus_tag=PMM2016],[protein_id=CAP16521.1],[gene=None],[protein=Conserved hypothetical protein]
[locus_tag=PMM1441],[protein_id=CAE19900.1],[gene=None],[protein=hypothetical]
[locus_tag=PMM1448],[protein_id=CAE19907.1],[gene=None],[protein=conserved hypothetical protein]
[locus_tag=PMM2017],[protein_id=None],[gene=None],[protein=None]
[locus_tag=PMM2018],[protein_id=CAP16523.1],[gene=None],[protein=Conserved hypothetical protein]
[locus_tag=PMM1495],[protein_id=CAE19954.1],[gene=None],[protein=hypothetical]
[locus_tag=PMM1496],[protein_id=CAE19955.1],[gene=None],[protein=Dolichyl-phosphate-mannose-protein mannosyltransferase]
[locus_tag=PMM1497],[protein_id=CAE19956.1],[gene=None],"[protein=Glycosyl transferase, family 2]"
[locus_tag=PMM1515],[protein_id=CAE19974.1],[gene=None],[protein=Site-specific recombinase]
[locus_tag=PMM1516],[protein_id=CAE19975.1],[gene=None],[protein=hypothetical]
[locus_tag=PMM1520],[protein_id=CAE19979.1],[gene=psaI],[protein=photosystem I subunit VIII (PsaI)]
[locus_tag=PMM1521],[protein_id=CAE19980.1],[gene=None],[protein=possible Annexin]
[locus_tag=PMM1538],[protein_id=CAE19997.1],"[gene=rpmJ,rpl36]",[protein=50S Ribosomal protein L36]
[locus_tag=PMM1612],[protein_id=CAE20071.1],[gene=None],[protein=conserved hypothetical]
[locus_tag=PMM1631],[protein_id=CAE20090.1],[gene=None],[protein=conserved hypothetical protein]
[locus_tag=PMM1632],[protein_id=CAE20091.1],[gene=None],[protein=conserved hypothetical protein]
[locus_tag=PMM1641],[protein_id=CAE20100.1],[gene=None],[protein=hypothetical protein]
[locus_tag=PMM1644],[protein_id=CAE20103.1],[gene=psbZ],[protein=possible Photosystem II reaction center Z protein (PsbZ)]
[locus_tag=PMM1667],[protein_id=CAE20126.1],[gene=None],[protein=conserved hypothetical protein]
[locus_tag=PMM1679],[protein_id=CAE20138.1],[gene=lig],[protein=ATP-dependent DNA ligase]
[locus_tag=PMM1680],[protein_id=CAE20139.1],[gene=None],[protein=conserved hypothetical protein]
[locus_tag=PMM2020],[protein_id=CAP16525.1],[gene=None],[protein=Conserved hypothetical protein]
